Bauwerks-Nr.:;Bauwerksname:;Ort:;Teilbauwerks-Nr.:;Teilbauwerksname:;Bauwersart:;Bauwerkskonstruktion:;Baujahr:;Fäche:               [m²];Anderes Bauwerk nach DIN 1076:
A001;Akerweg;Vetschau;;Brücke;Bogenartige Brücke / Gewölbebrücke;Einfeld-2-Gelenk-Bogenbrücke;1905;82;Nein
A002;Bocholtzer Straße;Vetschau;;Brücke;Bogenartige Brücke / Gewölbebrücke;Einfeld-2-Gelenk-Bogenbrücke;1903;82;Nein
A003;Burtscheider Straße;Burtscheid;A;Hauptbrücke;Bogenbrücke mit abgehängter Fahrbahn;Zweigelenkbogen mit Zugband;1952;782;Nein
A003;Burtscheider Straße;Burtscheid;B;1.Vorbrücke;Brücke als offener Rahmen;Stahlbeton-Rahmen;1964;147;Nein
A003;Burtscheider Straße;Burtscheid;C;2. Vorbrücke;Gewölbe- bzw. Bogenbrücke;Betongewölbe;1900;167;Nein
A003;Burtscheider Straße;Burtscheid;D;Stützwand Burtscheider Brücke / Reumontstraße;Stützwand als Massivwand;Natursteinmauer;;122;Nein
A003;Burtscheider Straße;Burtscheid;E;Stützwand Burtscheider Brücke/ Seite HBF;Stützwand als Massivwand;Natursteinmauer;;248;Nein
A004;Entenpfuhler Weg III;Preuswald;;Brücke;Brücke mit einer speziellen Rahmenkonstruktionen;2-Feld-Stahlverbund mit integralen Widerlagern;2007;261;Nein
A005;Geusenweg;Vaalserquartier;A;1. Vorbrücke;Gewölbe- bzw. Bogenbrücke;Einfeld-Zeigelstein-Gewölbe;1910;40;Nein
A005;Geusenweg;Vaalserquartier;B;Hauptbrücke;Brücke mit balkenartigem oder plattenartigem Tragwerk;Einfeld-Stahlverbund;1910;46;Nein
A005;Geusenweg;Vaalserquartier;C;2. Vorbrücke;Gewölbe- bzw. Bogenbrücke;Einfeld-Zeigelstein-Gewölbe;1910;40;Nein
A006;Hander Weg;Richterich;;Brücke;Bogenartige Brücke / Gewölbebrücke;Einfeld-Stahlbeton-Zweigelenkbogen;1907;100;Nein
A007;Erzberger Allee;Aachen;1;Brücke;Brücke als geschlossener Rahmen;Einfeld-Stahlbeton-Rahmen;2019;115;Nein
A007;Erzbergerallee;Aachen;2;Stützwand mit Treppe;Stützwand als Massivwand;Stahlbetonstützwand;2019;;Nein
A008;Wolfsbendenstraße;Eilendorf;;Brücke;Plattenbrücke;3-Feld-Plattenbrücke;1965;347;Nein
A009;Kamper Straße;Aachen;A;Hauptbrücke;Hohlkastenbrücke;Dreifeld-Stahlbeton-Hohlkastenbrücke, 2x 40x50cm;1966;165;Nein
A009;Kamper Straße;Aachen;B;Verbindung Hauptbrücke u. Rampe;Hohlkastenbrücke;Zweifeld-Stahlbeton-Hohlkastenbrücke, 3x DU=35cm;1966;66;Nein
A009;Kamper Straße;Aachen;C;Rampe;Brücke mit balkenartigem oder plattenartigem Tragwerk;Rampe,Seitenwände mit aufgelegten Massivplatten;1966;75;Nein
A011;Halifaxstraße;Aachen;;Brücke;Hohlkastenbrücke;Achtfeld-Spannbeton-Hohlkasten;1971;3800;Nein
A013;An der Schanz;Aachen;A;Brücke;Plattenbrücke;Einfeld-Walzträger in Beton;1950;398;Nein
A013;An der Schanz;Aachen;B;Stützwand;Stützwand als Massivwand;Winkelstützwand;1993;122;Nein
A015;Turmstraße;Aachen;;Brücke;Hohlkastenbrücke;Zweifeld-Spannbeton-Hohlkasten;1971;1683;Nein
A016;Weberstraße;Aachen;;;Brücke als offener Rahmen;Einfeld-Fertigteilüberbau mit Ortbetonergänzung;2014;182;Nein
A017;Friedhof Hüls;Eilendorf;;Brücke;Plattenbalkenbrücke, Trägerrostbrücke;Einfeld-Fertigteilüberbau mit Ortbetonergänzung;2019;90;Nein
B001d;Pannesheider Straße;Horbach;;Durchlass;Rechteckdurchlass;Einfeld-Walzträger in Beton;;21;Ja
B002;Haus Heyden;Horbach;;Durchlass;Rohrdurchlass;Stahlbeton-Rohr;1976;9;Nein
B003d;Stauanlage Kupferbach;Aachen;;Durchlass;Rechteckdurchlass;Geschlossener Fertigteilrahmen;2011;10;Ja
B004;Geuchter Weg;Horbach;;Brücke;Brücke als geschlossener Rahmen;Einfeld-Stahlbeton-Rahmen;1984;12;Nein
B005;Bechheimer Bach I;Hahn;;Brücke / Hahner Straße;Plattenbrücke;Einfeld-Stahlbeton-Platte;;34;Nein
B006;Kornelimünsterweg I;Aachen;;Brücke;Plattenbrücke;Fünffeld-Stahlbeton-Platte;1989;277;Nein
B007;Im Grüntal;Aachen;;Brücke;Plattenbrücke;Einfeld-Stahlbeton-Platte;1980;7;Nein
B008;Eselsweg I;Aachen;;Holzbrücke;Balkenbrücke / Mittelträger / Trapezplatte;Einfeld-Holzbrücke;;5;Nein
B009d;Gemmenicher Weg II;Steppenberg;;Durchlass;Rohrdurchlass;Stahlbeton-Rohr DN 600;;5;Ja
B010d;Sebastianusweg I;Brand;;Durchlass / Abzweig Schiltsgasse;Rohrdurchlass;Stahlbeton-Rohr;;19;Ja
B011;Schilderweg;Eilendorf;;Brücke;Brücke als offener Rahmen;Einfeld-Stahlbeton-Rahmen;;10;Nein
B012;Schlackstraße;Eilendorf;;Brücke;Plattenbrücke;Einfeld-Stahlbeton-Platte;2002;25;Nein
B013;Müselterweg;Eilendorf;;Brücke;Rahmenbrücke als Trog-Haube-Konstruktion;Fertigteil-Trog mit Deckenplatte;2011;17;Nein
B014-I;Schule Haarbachtalstraße;Haaren;;Brücke;Plattenbalkenbrücke, Trägerrostbrücke;Einfeld Stahlbetonbrücke;;73;Nein
B015;Auf dem Foerbrich;Eilendorf;;Brücke;Rohr als Brücke, mit Ummantelung;Wellstahlrohr, überschüttet, mit Stirnwänden;2011;42;Nein
B016;Birkstraße;Eilendorf;;Brücke;Plattenbrücke;Einfeld-Stahlbeton-Platte;2002;15;Nein
B017;Hahnweg;Eilendorf;;Brücke;Bogenartige Brücke / Gewölbebrücke;Einfeld-Ziegelstein-Gewölbe;;7;Nein
B018;Herrenbergstraße;Eilendorf;;Brücke;Brücke als geschlossener Rahmen;Einfeld-Stahlbeton-Kastenprofil;1982;49;Nein
B019;Nirmer Platz;Eilendorf;;Brücke;Brücke mit balkenartigem oder plattenartigem Tragwerk;Einfeld-Stahlträger;;7;Nein
B020;Kalkbergstraße;Eilendorf;;Brücke;Plattenbrücke;Einfeld-Stahlbeton-Platte;1960;53;Nein
B021d;Sebastianusweg II;Brand;;Durchlass / Abzweig Freunder Heideweg;Rechteckdurchlass;Einfeld-Stahlbeton-Rahmen;;21;Ja
B022;Berliner Ring;Aachen;;Brücke;Plattenbrücke;Einfeld-Stahlbeton-Platte;1961;297;Nein
B023;Nirmer Weg I;Haaren;1;Brücke;Plattenbrücke;Einfeld-Stahlbeton-Platte;2016;92;Nein
B024;Haarbachtalstraße;Haaren;;Brücke;Plattenbrücke;Einfeld-Stahlbeton-Platte;1966;157;Nein
B025;Akazienstraße;Haaren;;Brücke;Plattenbrücke;Einfeld-Stahlbeton-Platte;1965;84;Nein
B026d;Friesenrather Weg nach Kitzhaus;Walheim;;Durchlass;Rohrdurchlass;Beton-Verrohrung;;9;Ja
B027d;Bierstrauch I / Durchlass am Holzbach;Aachen - Brand;;Durchlass am Holzbach;Rechteckdurchlass;Fertigteilrahmen;2016;14;Ja
B028d;Forster Weg;Burtscheid;;Durchlass;Sonstiger Durchlassquerschnitt;Einfeld-Ziegelstein-Gewölbe;;57;Ja
B029;Friesenrather Weg;Friesenrath;;Brücke;Plattenbrücke;Einfeld-Stahlbeton-Platte;;37;Nein
B030-G;Friedhof Friesenrath;Friesenrath;;Brücke;Plattenbrücke;Einfeld-Stahlbeton-Platte;1955;19;Nein
B031;Pannekogweg;Friesenrath;;Brücke;Brücke mit balkenartigem oder plattenartigem Tragwerk;Einfeld-Walzträger in Beton;;32;Nein
B032-I;Steinbruch Freizeit;Walheim;;Brücke;Rohr als Brücke, ohne Ummantelung;Wellstahlrohr Hamco Profil WA 1;2010;40;Nein
B033-I;Im Kalksteinbruch;Walheim;;Brücke;Plattenbalkenbrücke, Trägerrostbrücke;Einfeld-Stahlverbund;;19;Nein
B034;Weg zum Steinbruch;Hahn;;Brücke;Gewölbe-/Bogenbrücke ohne Aufbeton;Einfeld-Naturstein-Gewölbe;;10;Nein
B035d;Düstergasse III;Aachen;;Durchlass / vor Reithalle;Sonstiger Durchlassquerschnitt;Ziegel-Gewölbe und Stahlbeton-Rohr;;7;Ja
B036;Hahner Straße neben Haus-Nr. 73-79;Hahn;;Brücke;Plattenbrücke;Einfeld-Stahlbeton-Platte;;29;Nein
B037;Kalkofenweg gegenüber Haus-Nr. 90;Hahn;1;Brücke / Gewölbe;Gewölbe-/Bogenbrücke ohne Aufbeton;Einfeld-Naturstein-Gewölbe;;20;Nein
B037;Kalkofenweg gegenüber Haus-Nr. 90;Hahn;2;Brücke / Anbau;Plattenbalkenbrücke, Trägerrostbrücke;Einfeld-Stahlbetonplatte;1980;13;Nein
B038;Hahner Straße Haus-Nr. 68;Hahn;;Fußgängerbrücke;Brücke mit Balken- / Plattenmischsystem;Einfeld-Stahlbetonplatte mit IPB-Träger;1982;13;Nein
B039;Hahner Straße gegenüber Gracht Straße;Hahn;;Brücke;Plattenbrücke;Einfeld-Stahlbeton-Platte;;34;Nein
B040;Holzbrücke Hahner Straße;Hahn;;Holz-Fußgängerbrücke;Brücke mit Balken- / Plattenmischsystem;Einfeld-Holzbrücke;1980;6;Nein
B041;Indebrücke Hahner Straße;Hahn;;Brücke;Plattenbrücke;Einfeld-Stahlbeton-Platte mit IPB-Träger;;67;Nein
B042d;Nerscheider Weg;Oberforstbach;;Durchlass;Rohrdurchlass;Stahlbeton-Rohr;;18;Ja
B043d;Welsche-Mühle-Graben II;Haaren;;Durchlass;Rohrdurchlass;Beton-Rohr DN 800;;32;Ja
B044;Fußgängerbrücke Korneliusmarkt;Kornelimünster;;Brücke;Balkenbrücke / Mittelträger / Trapezplatte;Stahlträger mit Holzbohlenbelag;2007;21;Nein
B045;Korneliusmarkt;Kornelimünster;;Brücke;Hohlkastenbrücke;Einfeld-Stahlbeton-Platte mit Verdrängungsrohren;1975;230;Nein
B046;Abteigarten;Kornelimünster;;Brücke;Brücke mit Balken- / Plattenmischsystem;Einfeld-Walzträgen in Beton;1983;16;Nein
B047-F;Klauser Wäldchen;Kornelimünster;A;Stahlbetonbrücke;Plattenbrücke;Dreifeld-Stahlbeton-Platte;;22;Nein
B047-F;Klauser Wäldchen;Kornelimünster;B;Holzbrücke;Brücke mit Balken- / Plattenmischsystem;Dreifeld-Holzbrücke;2008;26;Nein
B048-K;Bilstermühle I;Krauthausen;;Indebrücke;Brücke als offener Rahmen;Stahlbeton-Fertigteil;2019;103;Nein
B049-K;Bilstermühle II;Krauthausen;;Brücke;Plattenbrücke;Einfeld-Stahlbeton-Platte;1950;18;Nein
B050d-K;Durchlass Lintertstraße;Lintert;;Durchlass;Sonstiger Durchlassquerschnitt;Ziegelstein Gewölbe;;53;Ja
B051;Fußwegbrücke Behindertenwerkstatt;Brand;A;Brücke / Großes Gewölbe;Bogenartige Brücke / Gewölbebrücke;Einfeld-Naturstein-Gewölbe;1788;12;Nein
B051;Fußwegbrücke Behindertenwerkstatt;Brand;B;Brücke / Kleines Gewölbe und Rampe;Gewölbe-/Bogenbrücke ohne Aufbeton;Gewölbe wurde 2012 mit Beton verfüllt;1788;8;Ja
B052;Grachtstraße;Brand;;Brücke;Plattenbrücke;Einfeld-Stahlbeton-Platte;;50;Nein
B053;Komericher Weg I;Brand;;Brücke;Brücke als offener Rahmen;Einfeld-Fertigteilüberbau mit Ortbetonergänzung;2015;36;Nein
B054;Triftweg I;Sief;;Brücke;Plattenbrücke;Einfeld-Walzträger in Beton;;18;Nein
B055;Marientalweg;Sief;;Brücke;Plattenbrücke;Einfeld-Walzträger in Beton;;17;Nein
B056-K;Raerener Straße I;Sief;;Brücke;Gewölbe-/Bogenbrücke mit Lastverteilungsplatte;Einfeld-Naturstein-Gewölbe;;30;Nein
B057;Eisenhütte;Sief;;Brücke;Plattenbrücke;Einfeld-Stahlbeton-Platte;1995;22;Nein
B058-K;Aachener Straße IV;Walheim;1;Brücke / Altes Gewölbe;Gewölbe- bzw. Bogenbrücke;Einfeld-Stahlbeton-Gewölbe;1950;131;Nein
B058-K;Aachener Straße IV;Walheim;2;Brücke / Anbau;Gewölbe-/Bogenbrücke ohne Aufbeton;Einfeld-Stahlbeton-Gewölbe;1968;27;Nein
B059;Königsmühlenweg I;Walheim;;Brücke;Plattenbalkenbrücke, Trägerrostbrücke;Einfeld-Walzträger in Beton;1967;22;Nein
B060;Eurensteg;Kornelimünster;;Brücke;Plattenbrücke;Dreifeld-Stahlbeton-Platte;;12;Nein
B061;Unter den Weiden;Kornelimünster;;Holzbrücke;Balkenbrücke / Mittelträger / Trapezplatte;Zweifeld-Holzbrücke;1987;10;Nein
B062d;Bierstrauch II;Brand;;Durchlass;Sonstiger Durchlassquerschnitt;Einfeld-Naturstein-Gewölbe;;17;Ja
B063;Pützgasse I;Niederforstbach;;Brücke;Gewölbe- bzw. Bogenbrücke;Einfeld-Ziegelstein-Gewölbe;;12;Nein
B064;Zehnthofweg;Eilendorf;;Brücke;Brücke als geschlossener Rahmen;Einfeld-Stahlbeton-Rahmen;;71;Nein
B065;Gringeltstraße;Eilendorf;;Brücke;Brücke als geschlossener Rahmen;Einfeld-Stahlbeton-Rahmen;1984;15;Nein
B066;Münsterstraße;Niederforstbach;;Brücke;Gewölbe-/Bogenbrücke mit Lastverteilungsplatte;Zweifeld-Naturstein-Gewölbe;2004;49;Nein
B067;Rollefbachweg;Niederforstbach;;Brücke;Plattenbrücke;Einfeld-Stahlbeton-Platte;1976;24;Nein
B068;Ürsfeld;Ürsfeld;;Brücke;Gewölbe-/Bogenbrücke mit Lastverteilungsplatte;Einfeld-Gewölbe;;19;Nein
B069d;Niederforstbacher Straße / An der Kaul;Brand;;An der Kaul;Rohrdurchlass;Stahlbeton-Verrohrung;;82;Ja
B070-I;Feldchen;Aachen;;Brücke;Plattenbrücke;Einfeld-Stahlbeton-Platte;;52;Nein
B072d;Hergenrather Weg;Preuswald;;Durchlass;Rohrdurchlass;Beton-Rohr DN 600;;5;Ja
B073d;Schurzelter Straße I;Laurensberg;;Durchlass;Sonstiger Durchlassquerschnitt;zwei Beton-Rohre;;44;Ja
B074d;Brunnenstraße I;Laurensberg;;Durchlass;Rechteckdurchlass;Einfeld-Stahlbeton-;;19;Ja
B075;Brunnenstraße II;Laurensberg;;Brücke;Plattenbrücke;Einfeld-Stahlbeton-Platte;;22;Nein
B076;Roermonder Straße;Laurensberg;;Brücke;Brücke als geschlossener Rahmen;Einfeld-Stahlbeton-Eiprofil-Rahmen;1966;46;Nein
B077;Schloß-Rahe-Straße I;Laurensberg;;Brücke / Mühlengraben;Brücke als geschlossener Rahmen;Einfeld-Stahlbeton-Rahmen;1976;16;Nein
B078;Schloß-Rahe-Straße II;Laurensberg;;Brücke / Wildbach;Plattenbrücke;Einfeld-Stahlbeton-Platte;1982;22;Nein
B079;Rütscher Straße I;Laurensberg;;Brücke;Brücke als offener Rahmen;Einfeld-Stahlbeton-Rahmen;1979;19;Nein
B080d;Rütscher Straße II;Laurensberg;;Durchlass;Rohrdurchlass;Stahlbeton-Rohr;1979;8;Ja
B081d;Strüverweg I;Laurensberg;;Durchlass;Rechteckdurchlass;Einfeld-Stahlbeton-Platte;1958;28;Ja
B082d;Strüverweg II;Laurensberg;;Durchlass / Wildbach;Rechteckdurchlass;Einfeld-Stahlbeton-Platte;1958;34;Ja
B083;An Kuckesrath;Soers;1;Brücke;Plattenbrücke;Einfeld-Stahlbeton-Platte;1980;5;Nein
B084;Sonnenweg;Soers;;Brücke;Plattenbrücke;Einfeld-Walzträger in Beton;;23;Nein
B085;Kläranlage;Soers;;Brücke;Plattenbrücke;Einfeld-Stahlbeton-Platte;;25;Nein
B086;Talbotstraße;Aachen;;Brücke;Plattenbrücke;Einfeld-Stahlbeton-Platte;1970;61;Nein
B087;Fußgängerbrücke an der Jülicher Straße;Haaren;;Brücke;Brücke mit Balken- / Plattenmischsystem;Einfeld-Stahlbeton-Plattenbalken;1939;9;Nein
B088;Jülicher Straße;Haaren;;Brücke;Brücke mit Balken- / Plattenmischsystem;Einfeld-Walzträger in Beton;;128;Nein
B089;Wolfsfurth;Berensberg;;Brücke THW;Festbrückengerät Bailey-Brücke;Zweiwandig-Einstöckig;;80;Nein
B090;Heyder Feldweg I;Horbach;;Holzbrücke;Bogenbrücke mit abgehängter Fahrbahn;Holzbogenbrücke;2008;22;Nein
B091d;Kesselstraße;Lichtenbusch;;Durchlass;Rohrdurchlass;Stahlbeton-Rohr;2012;19;Ja
B092;Seffent Fußweg;Laurensberg;;Brücke;Plattenbrücke;Einfeld-Stahlbeton-Platte;1966;3;Nein
B093d;Septfontainesweg;Laurensberg;;Durchlass;Rohrdurchlass;Stahlbeton-Rohr;1967;14;Ja
B094d;Vaalser Straße I;Vaalserquartier;;Durchlass / unten;Sonstiger Durchlassquerschnitt;Einfeld-Ziegelstein-Gewölbe;;23;Ja
B095d;Vaalser Straße II;Vaalserquartier;;Durchlass / mitte;Sonstiger Durchlassquerschnitt;Einfeld-Ziegelstein-Gewölbe;;30;Ja
B096d;Vaalser Straße III;Vaalserquartier;;Durchlass / oben;Sonstiger Durchlassquerschnitt;Einfeld-Ziegelstein-Gewölbe;;25;Ja
B098d;Neuenhofstraße;Forst;;Durchlass;Rohrdurchlass;Stahlbeton-Rohr;;36;Ja
B100d;Ritscheider Weg;Oberforstbach;;Durchlass;Rechteckdurchlass;Einfeld-Stahlbeton;;5;Ja
B101d;Pützgasse II;Niederforstbach;1;Durchlass / Holzbach;Rechteckdurchlass;Einfeld-Rechteckdurchlass mit innenliegenden Rohre;;20;Ja
B101d;Pützgasse II;Niederforstbach;2;Durchlass / Graben;Rohrdurchlass;Stahlbeton-Rohr / PVC-Rohr;;6;Ja
B102;Fußweg Rollefbach;Niederforstbach;;Holzbrücke;Brücke mit balkenartigem oder plattenartigem Tragwerk;Einfeld-Holzbrücke;1982;6;Nein
B103;Holzbrücke Rütscher Straße;Laurensberg;;Holzbrücke;Balkenbrücke / Mittelträger / Trapezplatte;Einfeld-Holzbrücke;1982;9;Nein
B104d;Dorfstraße;Hahn;;Durchlass;Rechteckdurchlass;Zweifeld-Naturstein-Träger;;6;Ja
B105d;Steppenbergweg;Vaalserquartier;;Durchlass;Rohrdurchlass;Beton-Rohr;;5;Ja
B106d;An der Kirschkaul I;Niederforstbach;;Durchlass;Rohrdurchlass;Stahlbeton-Rohr DN 400;;10;Ja
B107d;An der Kirschkaul II;Niederforstbach;;Durchlass;Rohrdurchlass;Stahlbeton-Rohr DN 500;;15;Ja
B108d;An der Kirschkaul III;Niederforstbach;;Durchlass;Rohrdurchlass;Stahlbeton-Rohr DN 500;;24;Ja
B109d;An der Kirschkaul IV;Niederforstbach;;Durchlass;Rohrdurchlass;Stahlbeton-Rohr DN 500;;16;Ja
B110;Rollefbach-Viadukt;Brand;;Viadukt;Gewölbe- bzw. Bogenbrücke;6-Feld-Bruchstein-Gewölbe;1884;516;Nein
B111;Itterbach-Viadukt;Kornelimünster;;Viadukt;Bogenartige Brücke / Gewölbebrücke;6-Feld-Bruchstein-Gewölbe;1884;520;Nein
B113d;Amstelbach I;Richterich;;Durchlass;Sonstiger Durchlassquerschnitt;Einfeld-Ziegelstein-Gewölbe;;51;Ja
B114;Pauwelsstraße;Königshügel;;Brücke;Brücke mit balkenartigem oder plattenartigem Tragwerk;Dreifeld-Spannbeton-Plattenbalken;1980;839;Nein
B115;Kullenhofstraße;Königshügel;;Brücke;Brücke mit Balken- / Plattenmischsystem;Dreifeld-Spannbeton-Plattenbalken;1979;1052;Nein
B116d;Triftweg II;Sief;;Durchlass;Rechteckdurchlass;Einfeld-;;15;Ja
B117d-G;Wildbach Bahndamm;Laurensberg;;Durchlass;Sonstiger Durchlassquerschnitt;Einfeld-Ziegelstein-Gewölbe;;110;Ja
B118;Am alten Bahndamm;Laurensberg;;Brücke;Brücke als geschlossener Rahmen;Einfeld-Stahlbeton-Rahmen;1990;39;Nein
B119-G;Holzbrücke Wildbach;Laurensberg;;Holzbrücke;Balkenbrücke / Mittelträger / Trapezplatte;Einfeld-Holzbrücke;1989;8;Nein
B120d;Durchlaß Orsbach;Orsbach;;Durchlass;Rohrdurchlass;Stahlbeton-Rohr;;8;Ja
B121;Vennbahn Gewölbe;Eilendorf;A;Brücke / Gewölbe;Gewölbe-/Bogenbrücke ohne Aufbeton;Einfeld-Naturstein-Gewölbe;2004;106;Nein
B121;Vennbahn Gewölbe;Eilendorf;B;Brücke / Stahl-Rohr;Rohr als Brücke, ohne Ummantelung;Stahl-Rohr;;53;Nein
B122d-K;Hitfelder Straße II;Aachen;;Durchlass;Rohrdurchlass;Steinzeug-Rohr;;11;Ja
B123d;Lehnsherrenstraße;Horbach;;Durchlass;Rohrdurchlass;Beton-Rohr;;11;Ja
B125d;Heidweg;Aachen;;Durchlass;Rechteckdurchlass;Einfeld-Stahlbetonplatte;;6;Ja
B127d;alte Bahnstrecke Nr. 3;Richterich;;Durchlass;Sonstiger Durchlassquerschnitt;Einfeld-Ziegelstein-Gewölbe;1872;30;Ja
B128d;alte Bahnstrecke Nr. 4;Richterich;;Durchlass;Sonstiger Durchlassquerschnitt;Einfeld-Stahlbeton-Rahmen;1978;15;Ja
B130d;alte Bahnstrecke Nr. 7;Richterich;;Durchlass;Sonstiger Durchlassquerschnitt;Einfeld-Ziegelstein-Gewölbe;1872;23;Ja
B131-G;Wildbachstraße;Laurensberg;;GFK-Brücke;Brücke mit balkenartigem oder plattenartigem Tragwerk;Einfeld-GFK-Brücke;1998 / 2020;19;Nein
B133;Nirmer Weg II;Haaren;;Brücke;Gewölbe- bzw. Bogenbrücke;Ziegelstein-Gewölbe;;12;Nein
B134d;Karl-Friedrich Straße;Richterich;;Durchlass;Rohrdurchlass;Beton-Rohr DN 600;;7;Ja
B136d-K;Bilstermühle IV;Krauthausen;;Durchlass / neben Brücke B048;Rohrdurchlass;zwei Stahlbeton-Rohre;;52;Ja
B137d-K;Bilstermühle III;Krauthausen;;Durchlass;Rohrdurchlass;Stahlbeton-Rohr;;22;Ja
B138-F;Bilstermühle V;Krauthausen;;Brücke / zum Klauser Wäldchen;Gewölbe- bzw. Bogenbrücke;Beton-Gewölbe;;7;Nein
B140d;Kornelimünsterweg II;Aachen;1;Durchlass / Straße;Rohrdurchlass;Beton-Rohr;;6;Ja
B140d;Kornelimünsterweg II;Aachen;2;Durchlass / Reitweg;Rohrdurchlass;Beton-Rohr;;3;Ja
B140d;Kornelimünsterweg II;Aachen;3;Durchlass / Gehweg;Rohrdurchlass;Beton-Rohr;;6;Ja
B141d;Ürsfelder Fußpfad I;Ürsfeld;;Durchlass;Rechteckdurchlass;Einfeld-Stahlbeton-Fertigteil-Rahmen;;16;Ja
B142d;Ürsfelder Fußpfad II;Ürsfeld;;Durchlass;Rechteckdurchlass;Einfeld-Stahlbeton-Platte;;4;Ja
B143;Ürsfelder Fußpfad III;Uersfeld;;Brücke;Plattenbrücke;Stahlbeton-Platte;;5;Nein
B145d;Freunder Heideweg;Brand;;Durchlass;Rohrdurchlass;Stahl-Rohr DN 800 / Auslauf Beton-Rohr DN 600;;19;Ja
B146-G;Am Mühlenteich;Haaren;;Holzbrücke;Balkenbrücke / Mittelträger / Trapezplatte;Zweifeld-Holzbrücke;2010;25;Nein
B147-W;Schloß-Rahe-Straße III;Laurensberg;;Brücke / Wildbach;Plattenbrücke;Einfeld-Stahlbeton-Platte;;19;Nein
B148-W;Schloß-Rahe-Straße IV;Laurensberg;;Holzbrücke;Balkenbrücke / Mittelträger / Trapezplatte;Einfeld-Holzbrücke;;21;Nein
B149;Ürsfelder Fußpfad IV;Ürsfeld;;Holzbrücke;Balkenbrücke / Mittelträger / Trapezplatte;Einfeld-Holzbrücke;;17;Nein
B151-W;Hausener Gasse;Laurensberg;;Brücke;Plattenbrücke;Einfeld-Stahlbeton-Platte;;26;Nein
B152;Rödgerbach-Steg;Eilendorf;;Brücke;Plattenbrücke;Einfeld-Stahlbeton-Platte;;3;Nein
B153d;Entenpfuhlerweg I;Preuswald;;Durchlass / Rohr;Rohrdurchlass;Beton-Rohr DN 400;;2;Ja
B154d;Entenpfuhlerweg II;Preuswald;;Durchlass / Rechteck;Rechteckdurchlass;Einfeld-Stahlbeton-Rahmen;;8;Ja
B155d;Schmithof Mühle II;Schmithof;;Durchlass / Am Haus-Nr. 8;Sonstiger Durchlassquerschnitt;Rechteck/Rohrdurchlass, Naturstein/Steinzeug;;16;Ja
B157d;Bremenberg;Horbach;;Durchlass;Rohrdurchlass;Stahlbeton-Rohr DN 900;;16;Ja
B158;Trautnerstraße;Aachen;;Brücke;Brücke mit balkenartigem oder plattenartigem Tragwerk;Einfeld-Stahlträger mit Holzbohlenbelag;;7;Nein
B159d;Düstergasse I;Aachen;;Durchlass;Rohrdurchlass;Stahlbetonrohr DN 500;;6;Ja
B160d-W;Camp Pirotte;Eilendorf;;Durchlass;Rechteckdurchlass;Einfeld-Stahlbeton-Kastenprofil;2002;17;Ja
B161d;Schurzelter Straße II;Laurensberg;;Durchlass / Mühlengraben;Rechteckdurchlass;Einfeld-Stahlbeton;;20;Ja
B162d;Aachener Straße III;Schleckheim;;Durchlass / Friedhof Schleckheim;Rohrdurchlass;Stahlbeton-Rohr DN 1000;1964;44;Ja
B163d;Aachener Straße II;Oberforstbach;;Durchlass / Eich;Rohrdurchlass;Stahlbeton-Rohr DN 1000;;20;Ja
B165;Bechheimer Bach II;Hahn;;Brücke;Plattenbrücke;Einfeld-Stahlbeton-Platte;;3;Nein
B166d;Bechheimer Bach III;Hahn;;Durchlass;Rechteckdurchlass;Einfeld-Stahlbeton-Rahmen;;378;Ja
B167;Bechheimer Bach IV;Hahn;;Brücke / mit Sitzgelegenheit;Rahmenbrücke;Einfeld-Stahlbeton-Rahmen;;24;Nein
B168d;Kinkebahn;Lichtenbusch;;Durchlass;Sonstiger Durchlassquerschnitt;Stahlbeton-Rohr (Eiprofil);;19;Ja
B169d;Am Hasselholz I;Aachen;;Durchlass mit Sandfang;Rechteckdurchlass;Stahlbeton-Fertigteil;2014;43;Ja
B170d;Am Hasselholz II;Aachen;;Durchlass;Rohrdurchlass;Zwei Beton-Rohre DN 300;;3;Ja
B171d-G;Dorbach I;Königshügel;;Durchlass / vor der Brücke B115;Rohrdurchlass;Stahlbeton-Rohr  DN 1000;;9;Ja
B172d-G;Dorbach II;Königshügel;;Durchlass / unter der Brücke B115;Rohrdurchlass;Stahlbeton-Rohr  DN 1000;;29;Ja
B173d-G;Dorbach III;Königshügel;;Durchlass / vor der Brücke B114;Rohrdurchlass;Stahlbeton-Rohr;;7;Ja
B174;Hüttenbach;Aachen;;Brücke;Rahmenbrücke als Trog-Haube-Konstruktion;Trogbauwerk mit Platte als Überbau;2016;9;Nein
B175d;Augustinerweg I;Aachen;;Durchlass / Bach;Sonstiger Durchlassquerschnitt;Naturstein-Gewölbe;;9;Ja
B176d;II.-Rote-Haag-Weg I;Aachen;;Durchlass;Rohrdurchlass;Stahlbeton-Rohr;;13;Ja
B177d;Pommerotter Weg;Aachen;;Durchlass;Rohrdurchlass;Beton-Rohr;;15;Ja
B178d-K;Hitfelder Straße I;Aachen;;Durchlass;Rohrdurchlass;Beton-Rohr;;12;Ja
B179d;Eilendorfer Straße;Brand;;Durchlass;Rohrdurchlass;Beton-Rohr;;50;Ja
B180d;Eselsweg II;Aachen;;Durchlass;Rohrdurchlass;Stahlbeton-Rohr DN 1000;2012;10;Ja
B181d-G;Sonnenscheinstraße;Aachen;;Durchlass;Sonstiger Durchlassquerschnitt;Naturstein-Gewölbe;;7;Ja
B182-W;Debyestraße;Eilendorf;;Durchlass;Rohrdurchlass;Stahlbeton-Rohr;;67;Nein
B183d-W;Welsche-Mühle-Graben II;Haaren;;Durchlass;Rohrdurchlass;Beton-Rohr DN 800;;11;Ja
B184d;Rastplatz Königsberg I;Brand;;Durchlass;Rohrdurchlass;Beton-Rohr DN 800;;27;Ja
B185d;Rastplatz Königsberg II;Brand;;Durchlass;Rohrdurchlass;Beton-Rohr DN 650;;14;Ja
B186d;Komerischer Weg II;Brand;;Durchlass;Rechteckdurchlass;Stahlbetonrahmen;2014;15;Ja
B187d;Rote Gasse;Eich;;Durchlass;Rohrdurchlass;3teiliges Beton-Rohr-System;;24;Ja
B188d;Nütheimer Straße;Schleckheim;;Durchlass;Rohrdurchlass;Stahlbeton-Rohr DN 650;;20;Ja
B189d;Pascalstraße;Oberforstbach;;Durchlass;Rohrdurchlass;Stahlbeton-Rohr DN 500;;46;Ja
B191d;Schmithof Mühle I;Schmithof;;Durchlass / oben;Rechteckdurchlass;Naturstein-Widerlager mit Stahlbeton/Natursteinpl.;;26;Ja
B192d;Vorfluter Kappelweide;Brand;;Durchlass;Rohrdurchlass;Stahlbeton-Rohr DN 500;2008;44;Ja
B193d;Königsmühlenweg II;Walheim;;Durchlass / oben;Rohrdurchlass;Stahlbeton-Rohr DN 400 / Auslauf Rechteckdurchlass;;38;Ja
B194d;Schiltsgasse;Eilendorf;;Durchlass;Rohrdurchlass;Stahlbeton-Rohr DN 600;;6;Ja
B195d;Komerischer Weg III;Brand;;Durchlass / Kläranlage;Rohrdurchlass;Stahlbeton-Rohr;;33;Ja
B196d;Schönauer Friede;Richterich;;Durchlass;Rohrdurchlass;Stahlbeton-Rohr DN 1000;;18;Ja
B197-G;Westpark;Aachen;;Brücke;Bogenbrücke mit Bogenscheiben;Einfeld-Stahlbetonplatte;;18;Nein
B198-G;Hangeweiher;Aachen;;Brücke;Gewölbe-/Bogenbrücke mit Aufbeton ohne Verbund;Einfeld-Stahlbetonbogen;1925;22;Nein
B199-G;Im Johannistal;Aachen;;Brücke;Trogbrücke;Einfeld-Aluminiumfachwerktrogbrücke;2016;14;Nein
B200-G;Kennedypark;Aachen;;Brücke;Balkenbrücke / Mittelträger / Trapezplatte;Zweifeld-Stahlbrücke mit Holzbohlenbelag;;18;Nein
B201-G;Stadtgarten;Aachen;;Brücke;Bogenbrücke mit Bogenscheiben;Einfeld-Stahlbogenbrücke mit Holzbohlenbelag;;23;Nein
B202-G;Grünanlage Herderstraße;Aachen;;Brücke;Balkenbrücke / Mittelträger / Trapezplatte;Einfeld-Stahlbrücke mit Holzbohlenbelag;2009;18;Nein
B203d;Branderhofer Weg;Aachen;;Durchlass;Sonstiger Durchlassquerschnitt;Ziegelstein-Gewölbe;;73;Ja
B204-G;Wilhelm-Pitz-Weg I;Aachen;;Brücke;Balkenbrücke / Mittelträger / Trapezplatte;Einfeld-Profilstahlträgerbrücke;2015;18;Nein
B205-G;Wilhelm-Pitz-Weg II;Aachen;;Brücke;Balkenbrücke / Mittelträger / Trapezplatte;Einfeld-Stahlträger;;13;Nein
B206-G;Wilhelm-Pitz-Weg III;Aachen;;Holzbrücke / oben;Balkenbrücke / Mittelträger / Trapezplatte;Einfeld-Holzbalkenbrücke;2004;13;Nein
B207d;I. Rote-Haag-Weg;Steinebrück;;Durchlass / PVC-Rohr;Rohrdurchlass;PVC-Rohr;;5;Ja
B209-G;Neuköllner Str. I;Haaren;;Holzbrücke / Teichzulauf;Trogbrücke;Einfeld-Holzbrücke;;26;Nein
B211-G;Neuköllner Str. III;Haaren;;Brücke / klein;Brücke mit balkenartigem oder plattenartigem Tragwerk;Einfeld-Stahlbrücke mit Holzbohlenbelag;;8;Nein
B213-G;Zur Scheidmühle;Haaren;;Holzbrücke;Brücke mit balkenartigem oder plattenartigem Tragwerk;Einfeld-Holzbrücke;1990;29;Nein
B214-G;Holzbrücke Promenade;Kornelimünster;1;Holzbrücke / vorne;Brücke mit balkenartigem oder plattenartigem Tragwerk;Einfeld-Holzbogenbrücke;;5;Nein
B214-G;Holzbrücke Promenade;Kornelimünster;2;Holzbrücke / hinten;Brücke mit balkenartigem oder plattenartigem Tragwerk;Einfeld-Holzbogenbrücke;;5;Nein
B215-G;Grünenthal am Teich;Richterich;;Holzbrücke / am Teich;Balkenbrücke / Mittelträger / Trapezplatte;Einfeld-Holzbrücke;;13;Nein
B216-G;Park Schloss-Schönau;Richterich;;Brücke;Balkenbrücke / Mittelträger / Trapezplatte;Einfeld-Stahlträgerbrücke mit Holzbohlenbelag;;8;Nein
B217d;Kreuzerdriesch;Hitfeld;;Durchlass;Rohrdurchlass;Steinzeug-Rohr;;12;Ja
B219d;Pützgasse III;Brand;;Durchlass;Rohrdurchlass;Beton-Rohr DN 300;2007;11;Ja
B220d;Rindsbergweg;Brand;;Durchlass;Rohrdurchlass;Beton-Rohr DN 300;2007;4;Ja
B221d;Goldammerweg;Forst;;Durchlass;Durchlass;Beton-Rohr;;1;Ja
B222d;Ferberberg;Laurensberg;;Durchlass;Rohrdurchlass;Stahlbeton-Rohr DN 600;;10;Ja
B223d;Düstergasse II;Aachen;;Durchlass / am Teich;Sonstiger Durchlassquerschnitt;nicht erkennbar;;5;Ja
B224d;Durchlass Beeckwiese;Steppenberg;;Durchlass;Rohrdurchlass;Stahlbeton-Rohr DN 700;;5;Ja
B225d;Vaalser Straße IV;Steppenberg;;Durchlass;Rohrdurchlass;Stahlbeton-Rohr DN 800;;38;Ja
B226d;Schneebergweg;Laurensberg;;Durchlass;Rohrdurchlass;Stahlbeton-Rohr DN 600;;20;Ja
B228d;Burgstraße;Vaalserquartier;;Durchlass;Rohrdurchlass;Stahlbeton-Rohr DN 700;;13;Ja
B230d;Neukellerweg;Vaalserquartier;;Durchlass;Rohrdurchlass;Beton-Rohr DN 300;;3;Ja
B231d;Eburonenwinkel;Vaalserquartier;;Durchlass;Rohrdurchlass;Stahlbeton-Rohr DN 1000;;10;Ja
B232d;II.-Rote-Haag-Weg II;Aachen;1;Durchlass;Rohrdurchlass;Steinzeug-Rohr;;13;Ja
B232d;II.-Rote-Haag-Weg II;Aachen;2;Stützwand / links;Stützwand als Massivwand;Stahlbeton-Stützwand;;21;Nein
B232d;II.-Rote-Haag-Weg II;Aachen;3;Stützwand / rechts;Stützwand als Massivwand;Stahlbeton-Stützwand;;31;Nein
B233d-G;Auf Krummerück;Driescher Hof;;Durchlass;Rohrdurchlass;Stahlbeton-Rohr;;9;Ja
B236d-K;Raerener Straße II;Lichtenbusch;;Durchlass;Rechteckdurchlass;Naturstein;;6;Ja
B237d-K;Raerener Straße III;Lichtenbusch;;Durchlass;Rohrdurchlass;Stahlbeton-Rohr DN 500;;14;Ja
B238d;Grüne Eiche I;Lichtenbusch;;Durchlass / vorne;Sonstiger Durchlassquerschnitt;Stahlbeton-Ei-Profil;;6;Ja
B239d;Grüne Eiche II;Lichtenbusch;;Durchlass / hinten;Rohrdurchlass;Stahlbeton-Rohr;2010;32;Ja
B240d;Augustinerweg II;Oberforstbach;;Durchlass / Graben;Rechteckdurchlass;Naturstein;;4;Ja
B241d;Höfchensweg;Aachen;;Durchlass;Rohrdurchlass;Steinzeug-Rohr DN 500;;5;Ja
B242d;Brüsseler Ring;Aachen;;Durchlass;Rohrdurchlass;Stahlbeton-Rohr DN 700;1910;48;Ja
B243d;Gut Reinartzkehl;Steppenberg;;Durchlass / hinter Bahndamm;Sonstiger Durchlassquerschnitt;Kunststein-Gewölbe;;6;Ja
B244;Grünenthal;Richterich;;Hamco-Rohr;Rohr als Brücke, mit Ummantelung;Hamco-Rohr KB5;2009;22;Nein
B245-G;Grünenthal über Amstelbach;Richterich;;Brücke / über Amstelbach;Balkenbrücke / Mittelträger / Trapezplatte;Einfeld-Stahlträgerbrücke;2009;11;Nein
B247d;Heyder Feldweg II;Horbach;;Durchlass;Rohrdurchlass;Stahlbeton-Rohr DN 400;;4;Ja
B248d;Durchlass Eich;Eich;;Durchlass;Rohrdurchlass;Stahlbeton-Rohr DN 500;;19;Ja
B249d;Schusterweg;Aachen;;Durchlass;Rohrdurchlass;Stahlbeton-Rohr;;8;Ja
B250d;Kesselweg;Preuswald;;Durchlass;Rohrdurchlass;Stahlbetonrohr DN 500;;5;Ja
B251d;Schlossparkstraße;Laurensberg;;Durchlass;;Stahlbetonrohr;;9;Ja
B252d;"Durchlass ""Alte Tuchfabrik Soers""";Aachen;;Durchlass;Rohrdurchlass;Stahlbeton-Rohr DN600;;4;Ja
B253d-G;Höfchenspark;Aachen;;Durchlass;Rohrdurchlass;Keramik-Rohr DN 300;;2;Ja
B254d;"Durchlass ""Berliner Ring""";Aachen;;Durchlass;Rohrdurchlass;Stahlbeton-Rohr DN 400;;6;
B255d-K;Orsbacher Straße;Laurensberg;;Durchlass;Rohrdurchlass;Stahlbeton-Rohr DN 400;;6;Ja
B256d;Eselsweg III;Aachen;;Durchlass;Rohrdurchlass;Beton-Rohr DN 300;;1;Ja
B257;Rütscher Straße III;Laurensberg;;Brücke;Plattenbrücke;Einfeld-Stahlbetonplatte;;17;Nein
B258;Wurmbrücke Benno-Levy-Weg;Haaren;;Brücke;Trogbrücke;Einfeld-Aluminium-Fachwerk-Trogbrücke;2020;112;Nein
B259d;Luerweg;Aachen;;Durchlass;Rohrdurchlass;Stahlbeton-Rohr DN 600;;5;Ja
C001;Europaplatz;Aachen;1;Brücke / Nord (Ausfahrt BAB );Plattenbrücke;Einfeld-Stahlbeton-Platte;1958;79;Nein
C001;Europaplatz;Aachen;2;Brücke / Süd (Auffahrt BAB);Plattenbrücke;Einfeld-Stahlbeton-Plattenbrücke;1958;79;Nein
C001;Europaplatz;Aachen;3;Stützwand;Stützwand als Massivwand;Stahlbeton-Schwergewichtswand;1958;186;Nein
C002;Tunnel Richterich;Richterich;1;Rampe Roermonder Straße;Trog, Massivwand/Massivsohle, Abgedichtete Wanne;Stahlbeton-Trog;1968;1;Nein
C002;Tunnel Richterich;Richterich;3;Rampe Horbacher Straße;Trog, Massivwand/Massivsohle, Abgedichtete Wanne;Stahlbeton-Trog;1968;17;Nein
C004;Luxemburger Ring;Aachen;;Brücke;Hohlkastenbrücke;Dreifeld-Spannbeton-Hohlkasten;1970;1148;Nein
C005-F;Kalköfen;Walheim;;Brücke;Balkenbrücke / Mittelträger / Trapezplatte;Einfeld-Stahlbrücke mit unterspannten Trägern;1934;43;Nein
C007;Krefelder Straße I;Aachen;;Brücke;Schrägseilbrücke, Fächersystem;Spannbetonplattenbalken 1-feld;2012;384;Nein
C008;Krefelder Straße II;Aachen;A;Treppenaufgänge Seite Tivoli;Treppe;angesetzte Treppenläufe aus Stahlbetonfertigteilen;1976;;Nein
C008;Krefelder Straße II;Aachen;B;Brücke;Hohlkastenbrücke;Einfeld-Stahlbeton-Plattenbalken mit 2 Rohren;1977;165;Nein
C008;Krefelder Straße II;Aachen;C;Treppenaufgänge Seite Alkuinstraße;Treppe;angesetzte Treppenläufe aus Stahlbetonfertigteilen;1976;;Nein
C010d;Viehtrift Hahn;Hahn;;Durchlass;Durchlass;gemauerter Durchlass;;50;Ja
C011;Schleckheimer Straße;Kornelimünster;;Brücke;Plattenbrücke;Einfeld-Stahlbeton-Platte;1950;116;Nein
C012;Schraungracht;Kornelimünster;;Brücke;Gewölbe- bzw. Bogenbrücke;Einfeld-Naturstein-Gewölbe;1884;20;Nein
C013;Tunnel Schloß-Rahe-Straße;Laurensberg;;Brücke;Gewölbe- bzw. Bogenbrücke;Einfeld-Ziegelstein-Gewölbe;;168;Nein
C014-G;Friedhof Vaalser Straße;Steppenberg;;Brücke;Brücke mit Balken- / Plattenmischsystem;Einfeld-Spannbeton-Platten-Balken;1985;142;Nein
C015;Unterführung Kaiserplatz;Aachen;;Unterführung;Brücke mit einer speziellen Rahmenkonstruktionen;in beide Richtungen durchlaufender Stockwerkrahmen;1959;620;Nein
C016;Vennbahnweg - Knipp;Hahn;;Brücke;Brücke mit balkenartigem oder plattenartigem Tragwerk;Einfeld-Stahlträger mit Holzbohlenbelag;2005;23;Nein
C017;Melatener Straße;Aachen - Hörn;;Brücke;Balkenbrücke / Mittelträger / Trapezplatte;Einfeld-Stahlbeton-Plattenbrücke;2011;152;Nein
C018;Unterführung Audimax;Aachen;1;zentrale Unterführung;Brücke mit einer speziellen Rahmenkonstruktionen;Stahlbetonrahmen mit Mittelstütze;1967;386;Nein
C018;Unterführung Audimax;Aachen;2;Ausgang Audimax ;Brücke mit einer speziellen Rahmenkonstruktionen;Stahlbetonrahmen mit Treppenaufgang;1967;59;Nein
C018;Unterführung Audimax;Aachen;3;Ausgang Inzestr.;Brücke mit einer speziellen Rahmenkonstruktionen;Stahlbetonrahmen mit Treppenaufgang;1967;109;Nein
C018;Unterführung Audimax;Aachen;4;Ausgang Turmstr.;Brücke mit einer speziellen Rahmenkonstruktionen;Stahlbetonrahmen mit Treppenaufgang;1967;112;Nein
C018;Unterführung Audimax;Aachen;5;Ausgang Pontwall-Wüllnerstr.;Brücke mit einer speziellen Rahmenkonstruktionen;Stahlbetonrahmen mit Treppenaufgang;1967;38;Nein
C019;Unterführung Ponttor;Aachen;1;zentrale Unterführung;Brücke mit einer speziellen Rahmenkonstruktionen;Stahlbetonrahmen mit Mittelstützen;1968;408;Nein
C019;Unterführung Ponttor;Aachen;2;Ausgang Ponttor ;Brücke mit einer speziellen Rahmenkonstruktionen;Stahlbetonrahmen mit Rampenaufgang;1968;22;Nein
C019;Unterführung Ponttor;Aachen;3;Ausgang Malteserstr.;Brücke mit einer speziellen Rahmenkonstruktionen;Stahlbetonrahmen mit Treppenaufgang;1968;74;Nein
C019;Unterführung Ponttor;Aachen;4;Ausgang Pontwall/Roermonder Str.;Brücke mit einer speziellen Rahmenkonstruktionen;Stahlbetonrahmen mit Treppenaufgang;1968;89;Nein
C019;Unterführung Ponttor;Aachen;5;Ausgang Ludwigsallee;Brücke mit einer speziellen Rahmenkonstruktionen;Stahlbetonrahmen mit doppeltemTreppenaufgang;1968;200;Nein
C020;Unterführung Bushof;Aachen;;Unterführung Bushof;Brücke mit einer speziellen Rahmenkonstruktionen;Stahlbetonrahmen mit 4 Ausgängen;1968;865;Nein
C021;Strangenhäuschen;Haaren;;Brücke;Trogbrücke;Einfeld-Aluminium-Fachwerk-Trogbrücke;2020;156;Nein
L001-G;LSW Eilendorf-Nirm;Eilendorf;A;"Bereich 1 ""bephon/8"", Achse 1-20";Lärmschutzwand;Bohrpfahlgegründete LSW;1987;376;Nein
L001-G;LSW Eilendorf-Nirm;Eilendorf;B;"Bereich 2 ""Basilent Typ H1"", Achse 33-60";Lärmschutzwand;Bohrpfahlgegründete LSW;1987;394;Nein
L001-G;LSW Eilendorf-Nirm;Eilendorf;C;"Bereich 3, Winkelstützwand, ""Basilent Typ H1""";Stützwand als Massivwand;Stahlbeton-Winkelstützwand;1987;117;Ja
L001-G;LSW Eilendorf-Nirm;Eilendorf;D;Bereich 4, Basilent Rippe, Achse 21-32;Lärmschutzwand;Bohrpfahlgegründete LSW;2010;81;Nein
L001-G;LSW Eilendorf-Nirm;Eilendorf;E;Bereich 5, Basilent Rippe, Achse 61-72;Lärmschutzwand;Bohrpfahlgegründete LSW;2010;66;Nein
L002;LSW Köhlgasse;Richterich;A;LSW südlich der Brücke D016, Achse 1-23;Lärmschutzwand;Bohrpfahlgegründete LSW;1987;278;Nein
L002;LSW Köhlgasse;Richterich;B;LSW auf der Brücke D016;Lärmschutzwand;Stahlpfosten mit Plexiglas-Elementen;1987;46;Nein
L002;LSW Köhlgasse;Richterich;C;LSW nördlich der Brücke D016, Achse 24-121;Lärmschutzwand;Bohrpfahlgegründete LSW;1987;1278;Nein
S001;Senserbachweg I;Lemiers;;Stützwand;Stützwand als Massivwand;Stahlbeton- und Natursteinstützwand;1985;96;Ja
S002;Steppenbergweg;Steppenberg;;Stützwand;Stützwand als Massivwand;Stahlbeton-Mauerscheiben;;14;Ja
S003-I;Wurmbach / Entenfeld;Haaren;A;Stützwand / am Parkplatz;Stützwand als Massivwand;Stahlbeton-Stützwand;;142;Nein
S003-I;Wurmbach / Entenfeld;Haaren;B;Stützwand / gegenüber Parkplatz;Stützwand als Massivwand;Stahlbeton-Stützwand;;215;Nein
S004;Haarbach / Herrenbergstraße;Eilendorf;;Stützwand;Stützwand als Massivwand;Stahlbeton-Stützwand;;82;Nein
S005;Fitzeberg;Laurensberg;A;Stützwand - oben;Stützwand als Massivwand;Stahlbeton-Stützwand mit Natursteinverblendung;1987;108;Nein
S005;Fitzeberg;Laurensberg;B;Stützwand - unten;Natursteinwand - statisch gesamtheitlich tragend;Naturstein-Stützwand;;27;Ja
S006;Iterbach / Eisenhüttenweg;Sief;;Stützwand;Stützwand als Massivwand;Naturstein-Stützwand;;76;Nein
S007;Itertalklinik;Sief;;Stützwand;Stützwand als Massivwand;Naturstein-Stützwand;;105;Nein
S008-K;Teich Aachener Str. / Hundskaulweg;Schleckheim;;Stützwand;Stützwand als Massivwand;Naturstein-Stützwand;;80;Nein
S009;Oberforstbacher Straße I;Kornelimünster;;Stützwand;Stützwand als Massivwand;Stahlbeton-Stützwand;1986;60;Ja
S010;Mühlenweidweg;Nirm;;Stützwand;Stützwand als Massivwand;Stahlbeton-Winkelstützwand;1986;22;Nein
S011;Weberstraße I;Aachen;;Stützwand;Stützwand als Massivwand;Stahlbeton-Stützwand;1988;12;Ja
S012;Schleidener Straße 267 / Friesenrather Weg;Friesenrath;;Stützwand;Stützwand als Massivwand;Naturstein-Stützwand;1988;76;Nein
S013;Bechheimer Bach I;Hahn;;Stützwand;Stützwand als Massivwand;Stahlbeton-Stützwand;;88;Ja
S014;Friesenrather Weg;Friesenrath;;Stützwand;Stützwand als Massivwand;Naturstein-Stützwand;;81;Nein
S015;Dorfstraße;Hahn;A;Stützwand Stahlbeton;Stützwand als Massivwand;Stahlbeton-Stützwand;;32;Nein
S015;Dorfstraße;Hahn;B;Stützwand Naturstein;Stützwand als Massivwand;Naturstein-Stützwand;;15;Ja
S016;Treppenanlage zur Bergkirche;Kornelimünster;;Stützwand / Treppe;Stützwand als Massivwand;Naturstein-Stützwand;;129;Nein
S017;Königsmühlenweg;Walheim;;Stützwand;Stützwand, Drahtgitterkörbe mit Steinfüllung (Gabione);Gabione;2011;19;Nein
S018;Kurpark Michaelsberg;Burtscheid;A;Stützwand / vorne alt;Stützwand als Massivwand;Ziegelstein-Stützwand;;100;Nein
S018;Kurpark Michaelsberg;Burtscheid;B;Stützwand / mitte neu;Stützwand als Massivwand;Stahlbeton-Stützwand;2010;36;Ja
S018;Kurpark Michaelsberg;Burtscheid;C;Stützwand / hinten alt;Stützwand als Massivwand;Ziegelstein-Stützwand;;80;Ja
S019;Krugenofen / Neustraße;Burtscheid;;Stützwand;Stützwand als Massivwand;Ziegelstein-Stützwand mit Natursteinverblendung;1984;5;Ja
S020;Kirche St. Adalbert am Kaiserplatz;Aachen;A;Stützwand / Auffahrt mit Treppe;Stützwand als Massivwand;Ziegelstein-Stützwand;;156;Nein
S020;Kirche St. Adalbert am Kaiserplatz;Aachen;B;Stützwand / Treppenaufgang West;Natursteinwand - statisch gesamtheitlich tragend;Schwergewichtswand, Treppe auf Ziegelstein-Gewölbe;;90;Nein
S020;Kirche St. Adalbert am Kaiserplatz;Aachen;C;Stützwand / Treppenaufgang Nord;Natursteinwand - statisch gesamtheitlich tragend;Naturstein-Stützwand mit Naturstein-Treppe;;159;Nein
S021;St.Gangolfsberg;Kornelimünster;;Stützwand;Stützwand als Massivwand;Stahlbeton;;46;Nein
S022;Inde / Hahner Straße;Hahn;A;Stützwand / von B041 nach B040;Stützwand als Massivwand;Naturstein-Stützwand;;307;Nein
S022;Inde / Hahner Straße;Hahn;B;Stützwand / von B040 nach B039;Stützwand als Massivwand;Naturstein-Stützwand;;142;Nein
S022;Inde / Hahner Straße;Hahn;C;Stützwand / von B039 nach B038;Stützwand als Massivwand;Naturstein-Stützwand;;164;Nein
S022;Inde / Hahner Straße;Hahn;D;Stützwand / von B038 nach B037;Stützwand als Massivwand;Naturstein-Stützwand;;239;Nein
S022;Inde / Hahner Straße;Hahn;E;Stützwand / von B037 nach B036;Stützwand als Massivwand;Naturstein-Stützwand;;52;Nein
S022;Inde / Hahner Straße;Hahn;F;Stützwand / von B036 bis Ende (geg. HS-Nr. 96);Stützwand als Massivwand;Naturstein-Stützwand;;90;Nein
S022;Inde / Hahner Straße;Hahn;G;Stützwand / von B038 bis B039;Stützwand als Massivwand;Naturstein-Stützwand;;143;Nein
S022;Inde / Hahner Straße;Hahn;H;Stützwand / an B040 gegenüber Haus-Nr. 43;Stützwand als Massivwand;Naturstein-Stützwand;;18;Nein
S023;Napoleonsberg / Am Berg;Kornelimünster;A;Stützwand / entlang den Häusern 2-14;Stützwand als Massivwand;Naturstein-Stützwand;;107;Nein
S023;Napoleonsberg / Am Berg;Kornelimünster;B;Stützwand / entlang der B 258 - Grünfläche;Stützwand als Massivwand;Naturstein-Stützwand;;44;Ja
S023;Napoleonsberg / Am Berg;Kornelimünster;C;Stützwand / entlang der B258 - Treppe u. Auffahrt;Stützwand als Massivwand;Naturstein-Stützwand;;129;Nein
S024-G;Stützwand und Treppenanlage zum Napoleonsberg;Kornelimünster;;Stützwand;Stützwand als Massivwand;Naturstein-Stützwand;;42;Ja
S025;Inde / Napoleonsberg;Kornelimünster;1;Stützwand Napoleonsberg zwischen B046 und B045;Stützwand als Massivwand;Naturstein-Stützwand;;878;Nein
S025;Inde / Napoleonsberg;Kornelimünster;2;Stützwand Napoleonsberg zwischen B045 und B044;Stützwand als Massivwand;Naturstein-Stützwand;;547;Nein
S025;Inde / Napoleonsberg;Kornelimünster;3;Stützwand Napoleonsberg zwichen B044 und OD-Grenze;Stützwand als Massivwand;Naturstein-Stützwand;;220;Nein
S025;Inde / Napoleonsberg;Kornelimünster;4;Stützwand Abteigarten zwischen B045 und;Natursteinwand - statisch gesamtheitlich tragend;Schwergewichtsmauer aus Natursteinen;;106;Nein
S025;Inde / Napoleonsberg;Kornelimünster;5;Stützwand Korneliusmarkt zw. B045 und Haus-Nr.2;Natursteinwand - statisch gesamtheitlich tragend;Schwergewichtsmauer aus Natursteinen;;16;Nein
S026;Stützwand an Treppenanlage Napoleonsberg;Kornelimünster;;Stützwand;Stützwand als Massivwand;Stahlbeton-Stützwand;1982;53;Nein
S027;Dorffer Straße I / Ehrenmal;Kornelimünster;;Stützwand;Stützwand als Massivwand;Naturstein-Stützwand;1961;119;Nein
S028;Promenade I;Kornelimünster;A;Stützwand / Promenade;Stützwand als Massivwand;Naturstein-Stützwand;;308;Nein
S028;Promenade I;Kornelimünster;B;Stützwand / Einfahrt Rohlandfabrik;Stützwand als Massivwand;Naturstein-Stützwand;;25;Nein
S028;Promenade I;Kornelimünster;C;Stützwand / Promenade oben;Stützwand als Massivwand;Naturstein-Stützwand;;3;Ja
S028;Promenade I;Kornelimünster;D;Stützwand / Ecke Promenade/Dorffer Str.;Stützwand als Massivwand;Naturstein-Stützwand;;6;Ja
S029;Schinkelstraße;Aachen;A;Stützwand;Stützwand als Massivwand;Stahlbeton-Stützwand;;953;Nein
S029;Schinkelstraße;Aachen;B;Stützwand / an Treppenanlage;Stützwand als Massivwand;Stahlbeton-Stützwand;2009;24;Nein
S030;Rödgener Straße;Eilendorf;A;Stützwand / Bachseite;Stützwand als Massivwand;Stahlbeton-Winkelstützwand;1986;187;Ja
S030;Rödgener Straße;Eilendorf;B;Stützwand / andere Straßenseite;Stützwand als Massivwand;Stahlbeton-Winkelstützwand;1986;52;Ja
S031;Inde / Abteigarten;Kornelimünster;A;Stützwand / auf der Seite der Abtei;Stützwand als Massivwand;Naturstein-Stützwand;;273;Nein
S031;Inde / Abteigarten;Kornelimünster;B;Stützwand / auf der Seite Napoleonsberg;Stützwand als Massivwand;Naturstein-Stützwand;;250;Nein
S031;Inde / Abteigarten;Kornelimünster;C;Stützwand / oben auf der Seite Napoleonsberg;Stützwand als Massivwand;Naturstein-Stützwand;;4;Ja
S031;Inde / Abteigarten;Kornelimünster;D;Stützwand / Weg zum Klauser Wäldchen;Stützwand als Massivwand;Betonwand mit Verblendung aus Naturstein;;9;Ja
S032;Buschstraße;Freund;;Stützwand;Stützwand als Massivwand;Stahbeton-Stützwand;;88;Ja
S033;Heidchenberg;Hahn;;Stützwand;Stützwand als Massivwand;Naturstein-Stützwand;;20;Nein
S034;Frankensteg I;Kornelimünster;;Stützwand / oben;Stützwand als Massivwand;Naturstein-Stützwand;;21;Nein
S035;Schulberg I;Kornelimünster;A;Stützwand / entlang des Weges;Stützwand als Massivwand;Naturstein-Stützwand;;76;Ja
S035;Schulberg I;Kornelimünster;B;Stützwand / oben;Stützwand als Massivwand;Naturstein-Stützwand;;39;Nein
S036;Weberstraße / Mariabrunnstraße;Aachen;;Stützwand;Stützwand als Massivwand;Naturstein-Stützwand;;237;Nein
S037-G;Dorffer Straße III / Friedhof;Kornelimünster;;Stützwand;Stützwand als Massivwand;Naturstein-Stützwand;;69;Nein
S038;Schleidener Straße;Walheim;A;Stützwand / Bushaltestelle;Stützwand als Massivwand;Stahlbeton Stützwand;;14;Ja
S038;Schleidener Straße;Walheim;B;Stützwand;Stützwand als Massivwand;Ziegelstein-Stützwand;;16;Ja
S039;Freiherrenstraße;Richterich;;Stützwand;Stützwand als Massivwand;Stahlbeton-Stützwand;;19;Nein
S040;Steinkaulplatz;Kornelimünster;;Stützwand;Stützwand als Massivwand;Naturstein-Stützwand;;58;Nein
S041;Moreller Weg;Aachen;;Stützwand;Stützwand als Massivwand;Stahlbeton-Stützwand;1972;48;Nein
S042;Schönauer Allee;Richterich;;Stützwand;Stützwand als Massivwand;Stahlbeton-Stützwand;;17;Ja
S043;Eupener Straße I;Steinebrück;;Stützwand / Fahrtrichtung Belgien;Stützwand als Massivwand;Stahlbeton-Stützwand mit Natursteinverblendung;1967;216;Nein
S044;Unter den Weiden;Kornelimünster;;Stützwand;Stützwand als Massivwand;Stahlbeton-Stützwand mit Natursteinverblendung;;81;Nein
S045;Marienstraße;Eilendorf;;Stützwand;Stützwand als Massivwand;Naturstein-Stützwand;;52;Nein
S046;Preusweg Nr.68;Aachen;;Stützwand / Haus Nr.68;Stützwand als Massivwand;Stahlbeton-Stützwand;;46;Nein
S047;Kurbrunnenstraße / Jägerstraße;Burtscheid;;Stützwand;Stützwand als Massivwand;Naturstein-Stützwand mit Grünfläche;;29;Nein
S048;Niederforstbacher Straße;Niederforstbach;;Stützwand;Stützwand als Massivwand;Stahlbeton-Stützwand;1993;10;Ja
S049;Lemierser Berg II;Lemiers;;Stützwand / L-Steine;Stützwand als Massivwand;Stahlbeton-L-Steine;;15;Ja
S050;Severinstraße;Eilendorf;;Stützwand;Stützwand als Massivwand;Naturstein-Stützwand;;26;Nein
S051;Von-Coels-Sraße I;Eilendorf;;Stützwand;Stützwand als Massivwand;Naturstein-Stützwand;;24;Ja
S052;Vaalser Straße I;Aachen;;Stützwand;Stützwand als Massivwand;Stahlbeton-Stützwand;;166;Nein
S053;Lemierser Berg I;Orsbach;;Stützwand / Trockenmauerwerk;Stützwand als Massivwand;Naturstein Trockenmauerwerk;1997;56;Ja
S054;Schraungracht;Kornelimünster;;Stützwand;Stützwand als Massivwand;Naturstein-Trockenmauer;;18;Nein
S055;Albert-Einstein Straße / Hohlgradweg;Walheim;;Stützwand;Stützwand als Massivwand;Naturstein-Stützwand;;4;Ja
S056;Schurzelter Straße;Laurensberg;;Stützwand;Stützwand als Massivwand;Stahlbeton-Stützwand;;73;Ja
S057;Senserbachweg II;Vaalserquartier;;Stützwand;Stützwand als Massivwand;Naturstein-Stützwand;;28;Ja
S058-G;Hochgrundhaus;Aachen;;Stützwand;Stützwand als Massivwand;Kunststein-Stützwand;;92;Nein
S059;Junkerstraße II;Aachen;;Stützwand / oben;Stützwand als Massivwand;Stahlbeton-Stützwand;;17;Ja
S060;Vaalser Straße II;Steppenberg;A;Stützwand / Pflanztröge / FR Aachen;Raumgitterwand mit Betonfertigteil;Pflanztröge;;248;Nein
S060;Vaalser Straße II;Steppenberg;B;Stützwand / Pflanztröge / FR Vaals;Raumgitterwand mit Betonfertigteil;Pflanztröge;;122;Nein
S061;Rudolf-Schwarz-Weg;Rothe Erde;;Stützwand;Stützwand als Massivwand;Stahlbeton-Stützwand;;47;Nein
S062;Junkerstraße I;Aachen;;Stützwand / unten;Stützwand als Massivwand;Stahlbeton-Stützwand;;401;Nein
S063;Eupener Straße II;Steinebrück;;Stützwand / Fahrtrichtung Aachen;Stützwand als Massivwand;Stahlbeton-Stützwand mit Natursteinverblendung ?;1967;76;Ja
S064;Rathausstraße;Laurensberg;A;Stützwand / Gabionen;Stützwand, Drahtgitterkörbe mit Steinfüllung (Gabione);EBECO-Korbsystem;1996;67;Nein
S064;Rathausstraße;Laurensberg;B;Stützwand / entlang des Geh- und Radwegs;Stützwand als Massivwand;Stahbeton-Stützwand;1996;43;Ja
S065;Schulberg II;Kornelimünster;;Stützwand / Gabionen;Stützwand, Drahtgitterkörbe mit Steinfüllung (Gabione);Gabionen;2006;13;Nein
S066;Bechheimer Bach II;Hahn;;Stützwand / Dorfstraße;Stützwand als Massivwand;Stahlbeton-Stützwand;;33;Nein
S067;Am Bach;Eilendorf;;Stützwand;Stützwand als Massivwand;Naturstein-Stützwand;;90;Nein
S068;Junkerstraße III;Aachen;;Stützwand;Stützwand als Massivwand;Stahlbeton-Stützwand;;135;Nein
S069;Hubertusplatz;Aachen;;Stützwand;Stützbauwerk als Stützwand;Beton-Stützwand;;62;Ja
S070-G;Ehrenmal Hahn;Hahn;;Stützwand;Stützwand als Massivwand;Naturstein-Stützwand;;51;Nein
S071;Napoleonsberg / Unter den Weiden;Kornelimünster;;Stützwand;Stützwand als Massivwand;Naturstein-Stützwand;;8;Ja
S072;Von-Coels-Straße II;Eilendorf;;Stützwand / entlang den Häusern  Nr. 295-299;Stützwand als Massivwand;Naturstein-Stützwand;;19;Ja
S073;Preusweg Nr.100;Aachen;;Stützwand / Haus Nr.100;Stützwand als Massivwand;Stahlbeton-Stützwand;;11;Ja
S074;Auf dem Foerbrich;Eilendorf;A;Stützwand / vorne;Stützwand;Stahlbeton L-Mauerscheiben;2007;18;Ja
S074;Auf dem Foerbrich;Eilendorf;B;Stützwand / in der Kurve;Stützwand;Stahlbeton-Stützwand;1998;6;Ja
S075;Dorffer Straße II;Kornelimünster;;Stützwand;Stützwand;Naturstein-Stützwand;1961;57;Ja
S076;Roder Weg;Richterich;;Stützwand;Stützwand;Beton L-Steine;;35;Nein
S077;Ürsfeld Bahnunterführung;Ürsfeld;;Stützwand;Stützwand;Stahlbeton Mauerscheiben;;75;Ja
S078;Heinrich-Lehmann-Platz;Richterich;;Stützwand;Stützwand;Naturstein-Stützwand/Palisaden;;106;Nein
S079;Seilgraben;Aachen;;Stützwand;Stützbauwerk als Stützwand;Steinmauer;;15;Ja
S080;Weg zur Klause;Kornelimünster;;Stützwand;Natursteinwand - statisch gesamtheitlich tragend;Naturstein-Stützwand;;44;Nein
S081;Orsbacher Straße;Laurensberg;;Stützwand;Stützwand;Beton-Palisaden;;20;Ja
S082;Klauser Str.;Kornelimünster;;Stützwand;Stützwand als Massivwand;Naturstein-Stützwand;;174;Nein
S083;Frankensteg II;Kornelimünster;;Sützwand / unten;Stützwand als Massivwand;Naturstein-Stützwand;;30;Ja
S085;Oberforstbacher Straße II;Kornelimünster;;Stützwand;Natursteinwand - statisch gesamtheitlich tragend;Naturstein-Stützwand;;33;Nein
S086;Haltestelle Napoleonsberg;Kornelimünster;;Stützwand;Stützwand;Beton-L-Steine;;290;Ja
S087;Vennbahnweg;Kornelimünster;;Stützwand;Stützwand als Massivwand;Naturstein-Stützwand;;11;Nein
S088;Hahner Straße neben Haus Nr.10;Hahn;;Stützwand;Stützwand als Massivwand;Stahlbeton-Stützwand;;9;Ja
S089;Schmithofer Straße I;Schmithof;;Stützwand;Stützwand;Beton L-Steine;;5;Ja
S090;Schleckheimer Straße;Schleckheim;;Stützwand;Stützwand als Massivwand;Stahlbeton-Stützwand;;95;Ja
S091;Friedenstraße;Haaren;;Stützwand;Stützwand als Massivwand;Stahlbeton-Stützwand;;37;Ja
S092;Alt Haarener Straße / Sackgasse;Haaren;;Stützwand;Stützwand als Massivwand;Stahlbeton-Stützwand;;15;Ja
S093;Nirmer Straße;Eilendorf;;Stützwand;Stützwand als Massivwand;Stahlbeton-Stützwand;;35;Nein
S094;Eilendorfer Straße;Brand;;Stützwand;Stützwand als Massivwand;Stahlbeton-Mauerscheiben;;81;Ja
S095;Junkerstraße IV;Aachen;;Stützwand / Haltestelle Turmstraße;Stützwand;Beton L-Steine;;11;Ja
S096;Bastei;Aachen;A;Stützwand / Ludwigsallee;Stützwand;Naturstein-Stützwand;;5;Ja
S096;Bastei;Aachen;B;Stützwand / Ecke Ludwigsallee - Krefelder Str.;Stützwand;Stahlbeton-Stützwand;;40;Ja
S097-G;An der Schanz;Aachen;;Stützwand;Stützwand;Natursteinwand-Stützwand;;46;Ja
S098-G;Westpark;Aachen;;Stützwand;Stützwand als Massivwand;Stahlbeton Mauer-Scheiben;;15;Ja
S099-G;Langer Turm;Aachen;A;Stützwand / Junkerstraße;Stützwand;Stahlbeton-Stützwand;;226;Ja
S099-G;Langer Turm;Aachen;B;Stützwand / Turmstraße;Stützwand;Stahlbeton-Stützwand;;115;Nein
S099-G;Langer Turm;Aachen;C;Stützwand / an der Treppe und Terrasse;Stützwand;Stahlbeton-Stützwand;;43;Nein
S099-G;Langer Turm;Aachen;D;Stützwand / am Turm;Stützwand;Stahlbeton-Stützwand;;49;Ja
S100;Turmstraße Ecke Melatener Str.;Aachen;;Stützwand;Stützwand;Stahlbeton-Stützwand;;51;Ja
S101-G;Ehrenmal-Saarstraße;Aachen;;Stützwand;Stützwand als Massivwand;Naturstein-Stützwand;;124;Nein
S102-G;Kupferstraße I;Aachen;A;Stützwand / Salvatorberg;Stützwand als Massivwand;Naturstein-Stützwand;;179;Nein
S102-G;Kupferstraße I;Aachen;B;Treppe /Salvatorberg;Stützwand als Massivwand;Naturstein-Stützwand;;36;Ja
S103-G;Kupferstraße II;Aachen;;Stützwand / Lousberg;Stützwand;Naturstein-Stützwand;;56;Ja
S104-G;Belvedereallee III;Aachen;A;Stützwand / Stahlbetonwand am Denkmal;Stützwand als Massivwand;Stahlbeton-Stützwand;;16;Ja
S104-G;Belvedereallee III;Aachen;B;Stützwand / Natursteinwand am Dekmal;Stützwand als Massivwand;Naturstein-Stützwand;;32;Ja
S105;Buchenallee I;Aachen;;Stützwand;Stützwand als Massivwand;Naturstein-Stützwand;;28;Ja
S106;Buchenallee II;Aachen;;Stützwand;Stützwand als Massivwand;Naturstein-Stützwand;;151;Ja
S107;Buchenallee III;Aachen;;Stützwand;Stützwand als Massivwand;Naturstein-Stützwand;;124;Ja
S108;Buchenallee IV;Aachen;;Stützwand;Stützwand als Massivwand;Naturstein-Stützwand;;87;Ja
S109-G;Belvedereallee I;Aachen;;Stützwand / Fußweg nach oben;Stützwand als Massivwand;Naturstein-Stützwand;;21;Ja
S110-G;Belvedereallee II;Aachen;;Stützwand / Ausweichbucht;Stützwand als Massivwand;Stahlbeton-Stützwand;;22;Ja
S111-G;Hangeweiher I;Aachen;;Stützwand / Podest Freibadseite;Stützwand als Massivwand;Naturstein-Stützwand;;14;Ja
S112-G;Hangeweiher II;Aachen;;Stützwand / Park;Stützwand als Massivwand;Naturstein-Stützwand;;8;Ja
S113-G;Hangeweiher III;Aachen;A;Stützwand / Grotte;Stützwand als Massivwand;Naturstein-Stützwand;;19;Ja
S113-G;Hangeweiher III;Aachen;B;Stützwand / Rondell;Stützwand als Massivwand;Naturstein-Stützwand;;13;Ja
S114;Hohenstaufenallee;Aachen;;Stützwand;Stützwand;Naturstein-Stützwand;;30;Nein
S115;"Westfriedhof ""I""";Steppenberg;;Stützwand / Pflanztröge;Raumgitterwand;Pflanztröge aus Stahlbeton-Fertigteilen;;336;Nein
S116;"Westfriedhof ""II""";Königshügel;A;Stützwand / Zugang Friedhof;Stützwand;Stahlbeton-Stützwand;;47;Ja
S116;"Westfriedhof ""II""";Königshügel;B;Stützwand / Pflanztröge;Raumgitterwand;Pflanztröge aus Stahlbeton-Fertigteilen;;261;Nein
S116;"Westfriedhof ""II""";Königshügel;C;Stützwand / Bleiberger Straße I;Stützwand;Stahlbeton-Stützwand;;309;Nein
S116;"Westfriedhof ""II""";Königshügel;D;Stützwand / Bleiberger Straße II;Stützwand als Massivwand;Stahlbeton;;229;Ja
S117-G;Monheimsallee alter Evangelischer Friedhof;Aachen;;Stützwand;Stützwand;Ziegelmauer-Stützwand;;61;Nein
S118-G;Stadtgarten I;Aachen;;Stützwand / KITA Paßstraße;Stützwand als Massivwand;Ziegelmauer-Stützwand;;253;Nein
S119;Aachener Straße 212-226;Schleckheim;;Stützwand;Stützwand als Massivwand;Stahlbeton-Stützwand;;63;Ja
S120-G;Farwickpark Teich;Aachen;A;Stützwand / rechts;Stützwand;Naturstein-Stützwand;;67;Ja
S120-G;Farwickpark Teich;Aachen;B;Stützwand / hinter dem Teich;Stützwand;Naturstein-Stützwand;;40;Ja
S120-G;Farwickpark Teich;Aachen;C;Stützwand / links;Stützwand;Naturstein-Stützwand;;58;Ja
S121-G;Stadtgarten III;Aachen;;Stützwand / Tummelwiese;Stützwand;Stahlbeton-Stützwand;;82;Nein
S122-G;Stadtgarten IV;Aachen;;Stützwand / Terrassen;Natursteinwand - statisch gesamtheitlich tragend;Naturstein-Stützwand;;362;Nein
S123-G;Stadtgarten V;Aachen;;Stützwand / Rosengarten;Stützwand als Massivwand;Naturstein-Stützwand;;38;Nein
S124-G;Stadtgarten VI;Aachen;;Stützwand / Eingang Ungarnplatz;Stützwand als Massivwand;Kunst- und Naturstein-Stützwand;;150;Ja
S125;Ungarnplatz;Aachen;;Stützwand;Stützwand als Massivwand;Stahlbeton-Stützwand mit Ziegelmauer-Verblendung;;86;Nein
S126;Kasinostraße;Aachen;;Stützwand;Stützwand;Stahlbeton-Stützwand;;25;Nein
S127;Kurbrunnenstraße;Aachen;;Stützwand;Stützwand;Stahlbeton-Stützwand;;12;Ja
S128-G;Kurparkterrassen;Burtscheid;A;Stützwand / Dammstraße;Stützwand als Massivwand;Naturstein-Stützwand;;26;Ja
S128-G;Kurparkterrassen;Burtscheid;B;Stw. / Terrasse oben / Karlstreppe-Michaelstreppe;Stützwand als Massivwand;Naturstein-Stützwand;;84;Ja
S128-G;Kurparkterrassen;Burtscheid;C;Michaelstreppe;Treppe;Naturstein-Treppe mit Feldbrandstein-Wange;;30;Ja
S128-G;Kurparkterrassen;Burtscheid;D;Stw. / Terrasse oben / Michaelstreppe-Michaelsberg;Stützwand als Massivwand;Naturstein-Stützwand;;52;Ja
S128-G;Kurparkterrassen;Burtscheid;E;Stützwand / Michaelsbergstraße;Stützwand als Massivwand;Ziegelstein-Stützwand;;69;Nein
S128-G;Kurparkterrassen;Burtscheid;F;Stützwand / Terrasse unten / Marktseite;Stützwand als Massivwand;Naturstein-Stützwand;;83;Nein
S128-G;Kurparkterrassen;Burtscheid;G;Stützwand / Terrasse unten / Mitte;Stützwand als Massivwand;Naturstein-Stützwand;;209;Nein
S128-G;Kurparkterrassen;Burtscheid;H;Stützwand / Zwischenpodest Michaelstreppe;Stützwand als Massivwand;Naturstein-Stützwand;;4;Ja
S128-G;Kurparkterrassen;Burtscheid;I;Stützwand / Bänke unten;Stützwand als Massivwand;Naturstein-Stützwand;;20;Ja
S128-G;Kurparkterrassen;Burtscheid;J;Stützwand / Terrasse am Brunnen;Stützwand als Massivwand;Naturstein-Stützwand;;86;Nein
S128-G;Kurparkterrassen;Burtscheid;K;Stützwand / am Brunnen;Stützwand als Massivwand;Naturstein-Stützwand;;16;Ja
S129;Klostertreppe;Burtscheid;;Stützwand / Treppe;Stützwand als Massivwand;Naturstein-Stützwand;;10;Nein
S130;Michaelsbergstraße;Burtscheid;;Stützwand;Stützwand;Ziegelmauer-Stützwand;1810;322;Nein
S131;Kapellenstraße I;Burtscheid;;Stützwand / unten;Stützwand;Naturstein-Stützwand;;37;Ja
S132;Wingertsberggasse;Burtscheid;A;Stützwand / Parkplatz;Stützbauwerk als Stützwand;Stahlbeton-Stützwand;;31;Nein
S132;Wingertsberggasse;Burtscheid;B;Stützwand / Treppe;Stützwand;Ziegelmauer-Stützwand;;6;Nein
S133;Hauptstraße;Burtscheid;;Stützwand;Stützwand;Stahlbeton-Stützwand;;44;Nein
S134-G;Moltkeschule;Aachen;;Gabionen;Stützwand, Drahtgitterkörbe mit Steinfüllung (Gabione);;;125;Nein
S135-G;Stauanlage Kupferbach;Aachen;A;Stützwand / Podest vorne;Stützwand als Massivwand;Naturstein-Stützwand;;96;Nein
S135-G;Stauanlage Kupferbach;Aachen;B;Stützwand / Podest hinten;Stützwand als Massivwand;Naturstein-Stützwand;;42;Nein
S136;Schleidener Straße I / Bushaltestelle;Walheim;;Stützwand;Stützwand als Massivwand;Beton-Winkelsteine;;42;Ja
S137-G;Eschenallee;Brand;;Stützwand;Stützwand;Naturstein-Stützwand;;18;Ja
S138-G;Markplatz Brand;Brand;;Stützwand;Stützwand als Massivwand;Winkelstützelemente;2016;30;Ja
S139-G;Lärmschutzwall Brand;Brand;;Gabionen;Stützwand, Drahtgitterkörbe mit Steinfüllung (Gabione);;;60;Ja
S140;Buchenallee V;Aachen;;Stützwand;Natursteinwand - statisch gesamtheitlich tragend;Naturstein-Stützwand;;913;Nein
S141-G;Friedhof St. Severin II;Eilendorf;A;Stützwand / Natursteinwand außen;Stützwand;Naturstein-Stützwand;;61;Nein
S141-G;Friedhof St. Severin II;Eilendorf;B;Stützwand / Naturstein- und Ziegelwand außen;Stützwand;Naturstein-Stützwand;;38;Ja
S142-G;Friedhof St. Severin III;Eilendorf;;Stützwand / an der Kirche;Stützwand;Naturstein-Stützwand;;126;Nein
S143-G;Friedhof Nirm;Eilendorf;A;Stützwand / Eingang Birkstraße und Terrassen;Stützwand;Naturstein-Stützwand;;11;Ja
S143-G;Friedhof Nirm;Eilendorf;B;Stützwand / innen;Stützwand;Naturstein-Stützwand;;62;Ja
S143-G;Friedhof Nirm;Eilendorf;C;Stützwand / Eingang Nirmer Straße;Stützwand;Naturstein-Stützwand;;55;Ja
S144-G;Friedhof Haaren;Haaren;A;Stützwand / Stahlbetonwand außen;Stützwand;Stahlbeton-Stützwand;;45;Nein
S144-G;Friedhof Haaren;Haaren;B;Stützwand / Mauerwerk außen;Stützwand;Verputztes Mauerwerk;;49;Nein
S144-G;Friedhof Haaren;Haaren;C;Stützwand / Natursteinwand innen;Stützwand;Naturstein-Stützwand;;12;Ja
S145-G;Ehrenmal Haaren;Haaren;;Stützwand;Stützwand;Naturstein-Stützwand;;53;Nein
S146;Berliner Ring;Aachen;;Stützwand;Stützbauwerk als Stützwand;Mauerscheiben;;9;Ja
S147-G;Bergfriedhof;Kornelimünster;;Stützwand;Stützwand;Naturstein-Wand;;153;Nein
S148-G;Promenade II;Kornelimünster;;Stützwand / am Teich;Stützwand als Massivwand;Naturstein-Stützwand;;125;Nein
S149-G;Friedhof Hahn;Hahn;A;Stützwand / Stahlbetonwand außen;Stützwand als Massivwand;Stahlbeton-Stützwand;;14;Ja
S149-G;Friedhof Hahn;Hahn;B;Stützwand ;Stützwand als Massivwand;Stahlbeton-Stützwand/Treppe;;15;Nein
S149-G;Friedhof Hahn;Hahn;C;Stützwand / Natursteinwand außen;Stützwand;Naturstein-Stützwand;;63;Nein
S150-G;Oberdorfstraße;Horbach;;Stützwand;Stützwand;Naturstein/Stahlbeton-Stützwand;;49;Ja
S151-G;Friedhof Friesenrath;Friesenrath;A;Stützwand / außen;Stützwand;Naturstein-Stützwand;;69;Ja
S151-G;Friedhof Friesenrath;Friesenrath;B;Stützwand / Terrassen;Stützwand;Naturstein-Stützwand;;83;Ja
S152-G;Von-Coels-Straße / Heckstraße;Eilendorf;;Stützwand;Stützwand als Massivwand;Naturstein-Stützwand;;18;Ja
S153-G;Friedhof Horbach;Horbach;;Stützwand;Stützwand;Naturstein (Beton?)-Stützwand;;41;Ja
S154-G;Friedhof Orsbach;Orsbach;;Stützwand;Stützwand;Stahlbeton- und Naturstein-Stützwand;;103;Nein
S155;Laurentiusstraße I;Laurensberg;;Stützwand / gegenüber Seniorenhaus;Stützwand;Beton L-Steine;;6;Ja
S156-G;Friedhof Laurensberg;Laurensberg;A;Stützwand / außen;Stützwand;Naturstein-Stützwand;;283;Nein
S156-G;Friedhof Laurensberg;Laurensberg;B;Stützwand / innen;Stützwand als Massivwand;Naturstein-Stützwand;;8;Ja
S156-G;Friedhof Laurensberg;Laurensberg;C;Stützwand / innen - Mitte;Natursteinwand - statisch gesamtheitlich tragend;Naturstein-Stützwand;;12;Ja
S156-G;Friedhof Laurensberg;Laurensberg;D;Stützwand / innen - an Treppe;Natursteinwand - statisch gesamtheitlich tragend;Naturstein-Stützwand;;3;Ja
S156-G;Friedhof Laurensberg;Laurensberg;E;Stützwand / innen - zum Seiteneingang;Natursteinwand - statisch gesamtheitlich tragend;Naturstein-Stützwand;;34;Ja
S156-G;Friedhof Laurensberg;Laurensberg;F;Stützwand / innen - hinter Gebäude;Natursteinwand - statisch gesamtheitlich tragend;Naturstein-Stützwand;;35;Nein
S156-G;Friedhof Laurensberg;Laurensberg;G;Stützwand / innen - vor Gebäude;Natursteinwand - statisch gesamtheitlich tragend;Naturstein-Stützwand;;15;Nein
S156-G;Friedhof Laurensberg;Laurensberg;H;Stützwand / innen - oben;Natursteinwand - statisch gesamtheitlich tragend;Naturstein-Stützwand;;334;Nein
S157;Parkstraße / Schönauer Pfad;Richterich;A;Stützwand / Beton-Palisaden;Stützwand;Beton-Palisaden;;22;Ja
S157;Parkstraße / Schönauer Pfad;Richterich;B;Stützwand / Naturstein;Stützwand;Naturstein-Stützwand;;10;Ja
S157;Parkstraße / Schönauer Pfad;Richterich;C;Stützwand / Beton L-Steine;Stützwand;Beton L-Steine;;11;Ja
S158;Kellershaustraße;Eilendorf;;Stützwand;Stützwand als Massivwand;Stahlbeton-Mauerscheiben;2007;24;Ja
S159;Vaalser Straße III;Steppenberg;;Stützwand / Blumen Nicolaye;Stützwand;Beton-L-Steine;;34;Ja
S160-G;Stadtgarten VII;Aachen;;Stützwand / am Lenné Pavillon;Stützwand als Massivwand;Naturstein-Stützwand;;54;Ja
S161-G;Stadtgarten VIII;Aachen;A;Stützwand / oberhalb vom Spielkasino;Stützwand als Massivwand;Naturstein-Stützwand;;75;Ja
S161-G;Stadtgarten VIII;Aachen;B;Treppe / oberhalb vom Spielkasino;Stützbauwerk als Stützwand;Naturstein-Stützwand am Treppenaufgang;;11;Ja
S161-G;Stadtgarten VIII;Aachen;C;Stützwand / Rondell oberhalb vom Spielkasino;Stützbauwerk als Stützwand;Naturstein-Stützwand;;16;Ja
S162-G;Stadtgarten IX;Aachen;A;Stützwand / Natursteinwand oberhalb vom Eurogess;Stützbauwerk als Stützwand;Naturstein-Stützwand;;12;Ja
S162-G;Stadtgarten IX;Aachen;B;Stützwand / Naturbordsteine;Stützbauwerk als Hang-/Felssicherung;Stützwand aus Naturbordsteine;2012;13;Ja
S163;Saarstraße / Sandkaulstraße;Aachen;;Stützwand;Stützbauwerk als Stützwand;Naturstein-Stützwand;;9;Ja
S164;Muffeter Weg I;Aachen;;Stützwand / Beton-Palisaden;Stützwand als Massivwand;Beton-Palisaden;;25;Ja
S165;Muffeter Weg II;Aachen;;Stützwand / bis Haus-Nr. 8;Stützwand als Massivwand;Stahlbeton-Stützwand;;218;Nein
S166;Muffeter Weg III;Aachen;;Stützwand / von Haus-Nr. 36 bis Am Hügel;Stützwand als Massivwand;Stahlbeton-Stützwand;;343;Nein
S167;Muffeter Weg IV;Aachen;;Stützwand / von Am Hügel bis vor Haus Nr. 46;Stützwand als Massivwand;Stahlbeton-Stützwand;;515;Nein
S168;Kapellenstraße II;Burtscheid;A;"Stützwand / vor Einfahrt ""Soziale Frauenschule""";Stützwand als Massivwand;Stahlbeton-Stützwand;;24;Ja
S168;Kapellenstraße II;Burtscheid;B;"Stützwand / hinter Einfahrt ""Soziale Frauenschule""";Stützwand als Massivwand;Stahlbeton-Stützwand;;189;Nein
S168;Kapellenstraße II;Burtscheid;C;Stützwand / unten;Stützwand als Massivwand;Stahlbeton-Stützwand;;69;Ja
S169-G;Heißbergfriedhof;Burtscheid;A;Stützwand Robert-Schumann-Str.;Stützwand als Massivwand;Naturstein-Stützwand;;266;Nein
S169-G;Heißbergfriedhof;Burtscheid;B;Stützwand Eingang Friedhof;Stützwand als Massivwand;Naturstein-Stützwand;;30;Nein
S170;Siegel;Siegel;;Stützwand;Stützwand als Massivwand;Beton-L-Steine;;14;Ja
S171;Vaalser Straße IV;Vaalserquatier;A;Stützwand / Abzweig Alte Vaalser Str. / L-Steine;Stützwand als Massivwand;Beton-L-Steine;;28;Ja
S171;Vaalser Straße IV;Vaalserquatier;B;Stützwand / Abzweig Alte Vaalser Str. / Stahlbeton;Stützwand als Massivwand;Stahlbeton-Stützwand;;49;Nein
S172;Hahner Straße / Bushaltestelle;Hahn;;Stützbauwerk;Stützwand als Massivwand;Mauerscheiben;;11;Ja
S173;Kapellenberg;Kornelimünster;;Stützwand;Stützwand als Massivwand;Naturstein-Stützwand;;79;Nein
S174;Eupener Straße III;Aachen;;Stützwand / Sportplatz;Stützwand als Massivwand;Stahlbeton-Stützwand;;229;Nein
S175;Brüsseler Ring;Aachen;;Stützwand;Stützwand als Massivwand;Stahlbeton-Stützwand;;28;Ja
S176;Krähenwäldchen;Aachen;;Stützwand;Stützwand als Massivwand;Stahlbeton;;60;Nein
S177;Hochbrück;Aachen;;Stützwand;Stützwand als Massivwand;Beton-Palisaden;;28;Ja
S178;Albert-Einstein-Straße;Walheim;;Stützwand;Stützwand als Massivwand;Beton-Pflanzkübel;2008;29;Nein
S179;Bleiberger Straße;Aachen;;Stützwand;Stützwand als Massivwand;Stahlbeton;;9;Ja
S180;Weststraße;Aachen;;Stützwand;Stützwand als Massivwand;Mauerscheiben;;18;Ja
S181;Passstraße;Aachen;;Stützwand;Stützwand als Massivwand;Naturstein-Stützwand;;32;Ja
S182;Lütticher Straße;Aachen;;Stützwand;Stützwand als Massivwand;Stahlbeton-Stützwand;;20;Nein
S183;Seffenter Weg;Hörn;;Stützwand;Stützwand als Massivwand;Stahlbeton-Stützwand;;78;Nein
S184-G;Lousberg;Aachen;A;Stützwand / Weg zur Buchenallee;Stützwand als Massivwand;Naturstein-Stützwand;;29;Ja
S184-G;Lousberg;Aachen;B;Stützwand / Weg-Kreuzung West;Stützwand als Massivwand;Naturstein-Stützwand;;7;Ja
S184-G;Lousberg;Aachen;C;Stützwand / Lange Wand;Stützwand als Massivwand;Naturstein-Stützwand;;221;Ja
S184-G;Lousberg;Aachen;D;Stützwand / Ausbuchtung für Bank oben;Stützwand als Massivwand;Naturstein-Stützwand;;2;Ja
S184-G;Lousberg;Aachen;E;Stützwand / Weg von Belvederallee nach unten I;Stützwand als Massivwand;Naturstein-Stützwand;;40;Ja
S184-G;Lousberg;Aachen;F;Stützwand / Weg-Gabelung I unterh. Belvederallee;Stützwand als Massivwand;Naturstein-Stützwand;;56;Ja
S184-G;Lousberg;Aachen;G;Stützwand / Weg-Gabelung II unterh. Belvederalle;Stützwand als Massivwand;Naturstein-Stützwand;;5;Ja
S184-G;Lousberg;Aachen;H;Stützwand / Weg-Gabelung III unterh. Belvederallee;Stützwand als Massivwand;Naturstein-Stützwand;;9;Ja
S184-G;Lousberg;Aachen;I;Stützwand / Betonwand Belvederallee;Stützwand als Massivwand;Stahlbeton-Stützwand;;7;Ja
S184-G;Lousberg;Aachen;J;Stützwand / 4 Ausbuchtungen für Bänke;Stützwand als Massivwand;Naturstein-Stützwand;;19;Ja
S184-G;Lousberg;Aachen;K;Stützwand / von Belvederallee Weg nach unten II;Stützwand als Massivwand;Naturstein-Stützwand;;10;Ja
S184-G;Lousberg;Aachen;L;Stützwand Buchenallee VI / gegenüber Müschpark;Stützwand als Massivwand;Natursteinmauer;;14;Ja
S184-G;Lousberg;Aachen;M;Stützwand Buchenallee VII / gegenüber Terrasse;Stützwand als Massivwand;Trockenmauer aus Natursteinen;;38;Ja
S184-G;Lousberg;Aachen;N;Stützwand unterhalb Belvederallee / Süd;Stützwand als Massivwand;Trockenmauer aus Natursteinen;;17;Ja
S185;Schillerstraße;Aachen;;Stützwand;Stützwand als Massivwand;Stahlbeton-Stützwand;;19;Nein
S186-G;Stadtgarten XI;Aachen;;Stützwand / am Tennisplatz;Natursteinwand - statisch gesamtheitlich tragend;Naturstein-Stützwand;;9;Ja
S187-G;Friedhof Richterich;Richterich;;Stützwand;Stützwand als Massivwand;Kunststein-Stützwand;;90;Ja
S188-G;Europaplatz;Aachen;;Stützwand;Natursteinwand - statisch gesamtheitlich tragend;Naturstein-Stützwand;;205;Ja
S189;Lindenweg;Aachen, Stadtteil Haaren;;Stützwand Lindenweg;Stützwand als Massivwand;Stahlbeton-Massivwand;;129;Nein
S190;Obere Drimbornstraße;Aachen;A;Stützwand / links;Stützwand als Massivwand;Stahlbeton-Stützwand;;119;Nein
S190;Obere Drimbornstraße;Aachen;B;Stützwand / rechts;Stützwand als Massivwand;Stahlbeton-Stützwand;;94;Nein
S191;Münsterstraße;Niederforstbach;;Stützwand;Natursteinwand - statisch gesamtheitlich tragend;;;77;Ja
S192;Turmstraße;Aachen;;Stützwand;Stützwand als Massivwand;Stahlbeton-Stützwand;1971;16;Ja
S193;Weberstraße II;Aachen;;Stützwand / vorne;Stützwand als Massivwand;Mauerscheiben;2010;16;Ja
S194-G;Friedhof St.-Severin I;Eilendorf;;Stützwand;Stützwand als Massivwand;Stahlbeton mit Naturstein-Verblendung;;78;Nein
S195;Maria-Theresia-Allee;Aachen;;Stützwand;Stützwand als Massivwand;Naturstein-Stützwand;;38;Nein
S196;Preusweg Nr.54;Aachen;;Stützwand / Haus Nr. 54;Stützwand als Massivwand;Stahlbeton-Stützwand;;6;Nein
S197;Preusweg Nr.56;Aachen;;Stützwand / Haus Nr. 56;Stützwand als Massivwand;Stahlbeton-Stützwand;;28;Nein
S198;Preusweg Nr.64;Aachen;;Stützwand / Haus Nr. 64;Stützwand als Massivwand;Stahlbeton-Stützwand;;45;Nein
S199;Preusweg Nr.66;Aachen;;Stützwand / Haus Nr. 66;Stützwand als Massivwand;Stahlbeton-Stützwand;;30;Nein
S200;Preusweg Nr.70;Aachen;;Stützwand / Haus Nr. 70;Stützwand als Massivwand;Stahlbeton-Stützwand;;17;Nein
S201;Preusweg (Nr.72);Aachen;;Stützwand / Haus Lutherweg 12;Stützwand als Massivwand;Stahlbeton-Stützwand und Gabionen;;37;Nein
S202;Preusweg Nr.80;Aachen;;Stützwand / Haus Nr. 80;Stützwand als Massivwand;Stahlbeton-Stützwand;;17;Nein
S203;Preusweg Nr.82;Aachen;;Stützwand / Haus Nr. 82;Stützwand als Massivwand;Stahlbeton-Stützwand;;15;Ja
S204;Preusweg Nr.96;Aachen;;Stützwand / Haus Nr. 96;Stützwand als Massivwand;Stahlbeton-Stützwand;;16;Ja
S205;Preusweg Nr.104;Aachen;;Stützwand / Haus Nr. 104;Stützwand als Massivwand;Stahlbeton-Stützwand;;10;Ja
S206;Preusweg Nr.138;Aachen;;Stützwand / Haus Nr. 138;Stützwand als Massivwand;Stahlbeton-Stützwand;;99;Nein
S207;Laurentiusstraße II;Laurensberg;;Stützwand;Stützwand als Spundwand;Stahlspundwand mit Stahlbeton-Kopfbalken;2020;69;Nein
S208-I;Am Bahnhof;Aachen, Kornelimünster;;Stützwand Am Bahnhof;Stützwand als Massivwand;2-schalig, Betonwand mit Natursteinmauer;;14;Ja
S209-G;Kaiser-Friedrich-Park;Aachen;A;Terrasse unten;Natursteinwand - statisch gesamtheitlich tragend;Natursteinwand mit Natursteinabdeckung;;120;Nein
S209-G;Kaiser-Friedrich-Park;Aachen;B;Terrasse Mitte;Natursteinwand - statisch gesamtheitlich tragend;Natursteinwand mit Natursteinabdeckung;;95;Nein
S209-G;Kaiser-Friedrich-Park;Aachen;C;Terrasse oben;Natursteinwand - statisch gesamtheitlich tragend;Natursteinwand mit Natursteinabdeckung;;108;Nein
S209-G;Kaiser-Friedrich-Park;Aachen;D;Terrasse am Ufer;Natursteinwand - statisch gesamtheitlich tragend;Natursteinwand mit Natursteinabdeckung;;107;Nein
S210;Nonnenhofstraße;Orsbach;;Stützwand;Stützwand als Massivwand;Stahlbeton-Winkelstützwand;2015;28;Ja
S211;Kirche St. Peter;Aachen;A;Stützwand / Baumeinfassung;Stützwand als Massivwand;Stahlbeton-Stützwand;;4;Ja
S211;Kirche St. Peter;Aachen;B;Stützwand / Bogen mit Bänke;Stützwand als Massivwand;Stahlbeton-Stützwand mit Natursteinverblendung;;18;Nein
S211;Kirche St. Peter;Aachen;C;Stützwand / Peterskirchhof vorne;Stützwand als Massivwand;Stahlbeton-Stützwand mit Natursteinverblendung;;71;Nein
S211;Kirche St. Peter;Aachen;D;Stützwand / Peterskirchhof hinten;Stützwand als Massivwand;Stahlbeton-Stützwand mit Natursteinverblendung;;85;Nein
S212-G;Stadtgarten XII;Aachen;;Stützwand / Stadtgarten XII - Hotel Royal;Stützwand als Massivwand;Kunststein-Stützwand;;26;Nein
S213;Abteitor;Burtscheid;;Stützwand;Stützwand als Massivwand;Stahlbeton-Pflanztröge;;13;Ja
S214;Grauenhofer Weg / an der A44;Aachen-Forst;;Grauenhofer Weg / an der A44;Stützwand als Massivwand;Winkelsteine;2016;31;Ja
S215;Vennbahntrasse Eisenbahnweg I;Aachen;;Vennbahnweg zw. AC Arkaden und Philipsstraße;Stützwand als Massivwand;Ziegelmauerwerk;;316;Ja
S216;Vennbahntrasse Eisenbahnweg II;Aachen;;Vennbahnweg zw. Philipsstraße u. Madrider Ring;Stützwand als Massivwand;Ziegelmauerwerk;;524;Nein
S217;Forckenbeckstraße I;Aachen - Melaten;;Stützwand;Stützwand als Massivwand;Stahlbeton-Mauerscheiben b=1,0m;2013;63;Nein
S218;Katschhof;Aachen;;Stützwand;Natursteinwand - statisch gesamtheitlich tragend;Naturstein-Stützwand mit Natursteinverblendung;;23;Ja
S219;Neuenhofer Weg;Aachen - Steppenberg;;Stützwand;Stützwand als Massivwand;Stahlbeton-Winkelsteine b=1,0m;2018;14;Ja
S220;Forkenbeckstraße II;Aachen - Melaten;;Stützwand;Stützwand als Massivwand;Stahlbeton-Stützwand (Treppenwange);2016;62;Nein
S221;Soldatengässchen;Burtscheid;;Stützwand / links;Stützwand als Massivwand;Stahlbeton-Stützwand;;27;
S223;Benno-Levy-Weg;Haaren;;Bewehrte Erde;Bewehrte Erde;Böschungssicherung, geokunststoffbewehrte Erde;2020;67;Ja
S224;Friedenstraße I;Haaren;;Stützwand;Stützbauwerk als Stützwand;Winkelstützwand aus Stahlbeton;2020;16;Nein
S225;Hexenberg;Aachen;;Stützwand;Stützwand als Massivwand;Stahlbeton-Stützwand;;155;Nein
;;;;;;;;;
Gesamtanzahl der Bauwerke: 635;;;;;;;;;
